,City,Latitude,Longitude,Temperature,Pressure,Humidity,id
0,Mont Saint Michel,48.6359541,-1.511459954959514,11.31,996,84,276970680
1,Mont Saint Michel,48.6359541,-1.511459954959514,9.58,1000,85,276970680
2,Mont Saint Michel,48.6359541,-1.511459954959514,7.11,1003,87,276970680
3,Mont Saint Michel,48.6359541,-1.511459954959514,7.29,1003,87,276970680
4,Mont Saint Michel,48.6359541,-1.511459954959514,6.93,1004,87,276970680
5,Mont Saint Michel,48.6359541,-1.511459954959514,6.79,1005,85,276970680
6,Mont Saint Michel,48.6359541,-1.511459954959514,9.63,1006,74,276970680
7,Mont Saint Michel,48.6359541,-1.511459954959514,8.84,1006,82,276970680
8,Mont Saint Michel,48.6359541,-1.511459954959514,6.44,1008,87,276970680
9,Mont Saint Michel,48.6359541,-1.511459954959514,6.03,1010,90,276970680
10,Mont Saint Michel,48.6359541,-1.511459954959514,5.91,1011,90,276970680
11,Mont Saint Michel,48.6359541,-1.511459954959514,5.13,1013,90,276970680
12,Mont Saint Michel,48.6359541,-1.511459954959514,4.96,1014,91,276970680
13,Mont Saint Michel,48.6359541,-1.511459954959514,5.28,1017,90,276970680
14,Mont Saint Michel,48.6359541,-1.511459954959514,8.29,1018,78,276970680
15,Mont Saint Michel,48.6359541,-1.511459954959514,7.68,1019,80,276970680
16,Mont Saint Michel,48.6359541,-1.511459954959514,4.71,1021,89,276970680
17,Mont Saint Michel,48.6359541,-1.511459954959514,4.23,1021,87,276970680
18,Mont Saint Michel,48.6359541,-1.511459954959514,4.24,1023,87,276970680
19,Mont Saint Michel,48.6359541,-1.511459954959514,4.52,1024,84,276970680
20,Mont Saint Michel,48.6359541,-1.511459954959514,4.84,1025,82,276970680
21,Mont Saint Michel,48.6359541,-1.511459954959514,5.17,1026,80,276970680
22,Mont Saint Michel,48.6359541,-1.511459954959514,6.5,1027,72,276970680
23,Mont Saint Michel,48.6359541,-1.511459954959514,6.48,1027,69,276970680
24,Mont Saint Michel,48.6359541,-1.511459954959514,4.23,1027,80,276970680
25,Mont Saint Michel,48.6359541,-1.511459954959514,4.54,1028,87,276970680
26,Mont Saint Michel,48.6359541,-1.511459954959514,2.87,1028,86,276970680
27,Mont Saint Michel,48.6359541,-1.511459954959514,1.73,1028,86,276970680
28,Mont Saint Michel,48.6359541,-1.511459954959514,0.11,1028,87,276970680
29,Mont Saint Michel,48.6359541,-1.511459954959514,0.21,1029,72,276970680
30,Mont Saint Michel,48.6359541,-1.511459954959514,3.1,1029,55,276970680
31,Mont Saint Michel,48.6359541,-1.511459954959514,2.64,1028,60,276970680
32,Mont Saint Michel,48.6359541,-1.511459954959514,-0.6,1029,74,276970680
33,Mont Saint Michel,48.6359541,-1.511459954959514,-0.46,1029,74,276970680
34,Mont Saint Michel,48.6359541,-1.511459954959514,-0.77,1029,74,276970680
35,Mont Saint Michel,48.6359541,-1.511459954959514,-1.34,1028,70,276970680
36,Mont Saint Michel,48.6359541,-1.511459954959514,-1.35,1027,63,276970680
37,Mont Saint Michel,48.6359541,-1.511459954959514,-1.07,1028,52,276970680
38,Mont Saint Michel,48.6359541,-1.511459954959514,1.14,1027,38,276970680
39,Mont Saint Michel,48.6359541,-1.511459954959514,1.45,1025,37,276970680
40,St Malo,48.649518,-2.0260409,10.89,997,78,277106181
41,St Malo,48.649518,-2.0260409,9.8,1000,79,277106181
42,St Malo,48.649518,-2.0260409,7.58,1003,85,277106181
43,St Malo,48.649518,-2.0260409,8.71,1003,80,277106181
44,St Malo,48.649518,-2.0260409,8.25,1004,78,277106181
45,St Malo,48.649518,-2.0260409,7.98,1005,79,277106181
46,St Malo,48.649518,-2.0260409,9.76,1006,73,277106181
47,St Malo,48.649518,-2.0260409,9.14,1006,78,277106181
48,St Malo,48.649518,-2.0260409,8.48,1008,73,277106181
49,St Malo,48.649518,-2.0260409,8.07,1010,81,277106181
50,St Malo,48.649518,-2.0260409,7.91,1012,80,277106181
51,St Malo,48.649518,-2.0260409,7.8,1013,80,277106181
52,St Malo,48.649518,-2.0260409,8.01,1015,76,277106181
53,St Malo,48.649518,-2.0260409,8.08,1017,72,277106181
54,St Malo,48.649518,-2.0260409,9.04,1019,68,277106181
55,St Malo,48.649518,-2.0260409,8.48,1019,71,277106181
56,St Malo,48.649518,-2.0260409,7.09,1021,77,277106181
57,St Malo,48.649518,-2.0260409,6.92,1022,75,277106181
58,St Malo,48.649518,-2.0260409,7.01,1023,71,277106181
59,St Malo,48.649518,-2.0260409,6.76,1024,72,277106181
60,St Malo,48.649518,-2.0260409,6.26,1025,71,277106181
61,St Malo,48.649518,-2.0260409,6.46,1027,71,277106181
62,St Malo,48.649518,-2.0260409,7.16,1027,66,277106181
63,St Malo,48.649518,-2.0260409,7.31,1027,66,277106181
64,St Malo,48.649518,-2.0260409,6.22,1028,68,277106181
65,St Malo,48.649518,-2.0260409,6.9,1028,71,277106181
66,St Malo,48.649518,-2.0260409,6.29,1028,65,277106181
67,St Malo,48.649518,-2.0260409,5.46,1028,70,277106181
68,St Malo,48.649518,-2.0260409,4.38,1028,75,277106181
69,St Malo,48.649518,-2.0260409,3.38,1029,69,277106181
70,St Malo,48.649518,-2.0260409,3.84,1029,61,277106181
71,St Malo,48.649518,-2.0260409,3.64,1028,60,277106181
72,St Malo,48.649518,-2.0260409,1.65,1029,68,277106181
73,St Malo,48.649518,-2.0260409,1.19,1030,72,277106181
74,St Malo,48.649518,-2.0260409,1.01,1029,72,277106181
75,St Malo,48.649518,-2.0260409,0.56,1028,69,277106181
76,St Malo,48.649518,-2.0260409,0.56,1027,64,277106181
77,St Malo,48.649518,-2.0260409,0.76,1028,55,277106181
78,St Malo,48.649518,-2.0260409,2.0,1027,46,277106181
79,St Malo,48.649518,-2.0260409,2.28,1025,44,277106181
80,Bayeux,49.2764624,-0.7024738,10.58,997,81,276101915
81,Bayeux,49.2764624,-0.7024738,8.64,997,86,276101915
82,Bayeux,49.2764624,-0.7024738,7.32,1001,80,276101915
83,Bayeux,49.2764624,-0.7024738,5.93,1002,88,276101915
84,Bayeux,49.2764624,-0.7024738,5.09,1003,92,276101915
85,Bayeux,49.2764624,-0.7024738,5.27,1005,90,276101915
86,Bayeux,49.2764624,-0.7024738,9.03,1005,76,276101915
87,Bayeux,49.2764624,-0.7024738,8.1,1006,82,276101915
88,Bayeux,49.2764624,-0.7024738,5.92,1007,87,276101915
89,Bayeux,49.2764624,-0.7024738,5.75,1009,89,276101915
90,Bayeux,49.2764624,-0.7024738,5.3,1011,89,276101915
91,Bayeux,49.2764624,-0.7024738,5.48,1012,89,276101915
92,Bayeux,49.2764624,-0.7024738,5.64,1013,87,276101915
93,Bayeux,49.2764624,-0.7024738,6.06,1016,85,276101915
94,Bayeux,49.2764624,-0.7024738,7.97,1018,79,276101915
95,Bayeux,49.2764624,-0.7024738,7.09,1018,74,276101915
96,Bayeux,49.2764624,-0.7024738,6.51,1020,78,276101915
97,Bayeux,49.2764624,-0.7024738,6.1,1021,72,276101915
98,Bayeux,49.2764624,-0.7024738,5.41,1022,78,276101915
99,Bayeux,49.2764624,-0.7024738,4.94,1024,78,276101915
100,Bayeux,49.2764624,-0.7024738,5.07,1024,72,276101915
101,Bayeux,49.2764624,-0.7024738,5.07,1026,67,276101915
102,Bayeux,49.2764624,-0.7024738,6.49,1026,64,276101915
103,Bayeux,49.2764624,-0.7024738,6.08,1026,70,276101915
104,Bayeux,49.2764624,-0.7024738,6.39,1027,78,276101915
105,Bayeux,49.2764624,-0.7024738,6.22,1028,67,276101915
106,Bayeux,49.2764624,-0.7024738,4.61,1028,68,276101915
107,Bayeux,49.2764624,-0.7024738,3.49,1028,70,276101915
108,Bayeux,49.2764624,-0.7024738,2.14,1029,65,276101915
109,Bayeux,49.2764624,-0.7024738,1.6,1029,69,276101915
110,Bayeux,49.2764624,-0.7024738,2.36,1029,63,276101915
111,Bayeux,49.2764624,-0.7024738,2.0,1029,64,276101915
112,Bayeux,49.2764624,-0.7024738,0.86,1030,69,276101915
113,Bayeux,49.2764624,-0.7024738,0.41,1030,70,276101915
114,Bayeux,49.2764624,-0.7024738,-0.24,1030,68,276101915
115,Bayeux,49.2764624,-0.7024738,-0.4,1029,65,276101915
116,Bayeux,49.2764624,-0.7024738,-0.47,1029,57,276101915
117,Bayeux,49.2764624,-0.7024738,-0.27,1029,52,276101915
118,Bayeux,49.2764624,-0.7024738,1.57,1028,44,276101915
119,Bayeux,49.2764624,-0.7024738,1.62,1026,42,276101915
120,Le Havre,49.4938975,0.1079732,11.14,998,80,116797886
121,Le Havre,49.4938975,0.1079732,9.56,997,78,116797886
122,Le Havre,49.4938975,0.1079732,7.85,999,90,116797886
123,Le Havre,49.4938975,0.1079732,8.89,1001,77,116797886
124,Le Havre,49.4938975,0.1079732,8.94,1002,76,116797886
125,Le Havre,49.4938975,0.1079732,8.8,1004,76,116797886
126,Le Havre,49.4938975,0.1079732,9.31,1005,74,116797886
127,Le Havre,49.4938975,0.1079732,9.1,1005,75,116797886
128,Le Havre,49.4938975,0.1079732,8.27,1007,77,116797886
129,Le Havre,49.4938975,0.1079732,8.39,1009,73,116797886
130,Le Havre,49.4938975,0.1079732,7.61,1010,79,116797886
131,Le Havre,49.4938975,0.1079732,7.26,1011,76,116797886
132,Le Havre,49.4938975,0.1079732,6.93,1013,79,116797886
133,Le Havre,49.4938975,0.1079732,7.43,1015,76,116797886
134,Le Havre,49.4938975,0.1079732,7.82,1017,76,116797886
135,Le Havre,49.4938975,0.1079732,7.56,1018,75,116797886
136,Le Havre,49.4938975,0.1079732,6.92,1019,75,116797886
137,Le Havre,49.4938975,0.1079732,6.06,1021,72,116797886
138,Le Havre,49.4938975,0.1079732,5.99,1022,70,116797886
139,Le Havre,49.4938975,0.1079732,5.86,1023,63,116797886
140,Le Havre,49.4938975,0.1079732,5.66,1023,68,116797886
141,Le Havre,49.4938975,0.1079732,5.88,1025,70,116797886
142,Le Havre,49.4938975,0.1079732,6.47,1025,72,116797886
143,Le Havre,49.4938975,0.1079732,6.58,1025,84,116797886
144,Le Havre,49.4938975,0.1079732,6.26,1027,73,116797886
145,Le Havre,49.4938975,0.1079732,6.06,1027,67,116797886
146,Le Havre,49.4938975,0.1079732,3.71,1028,69,116797886
147,Le Havre,49.4938975,0.1079732,2.19,1029,62,116797886
148,Le Havre,49.4938975,0.1079732,0.87,1029,70,116797886
149,Le Havre,49.4938975,0.1079732,0.67,1030,73,116797886
150,Le Havre,49.4938975,0.1079732,1.85,1030,65,116797886
151,Le Havre,49.4938975,0.1079732,2.16,1029,63,116797886
152,Le Havre,49.4938975,0.1079732,1.27,1030,69,116797886
153,Le Havre,49.4938975,0.1079732,0.64,1031,69,116797886
154,Le Havre,49.4938975,0.1079732,-0.04,1030,68,116797886
155,Le Havre,49.4938975,0.1079732,-0.12,1030,61,116797886
156,Le Havre,49.4938975,0.1079732,-0.59,1029,56,116797886
157,Le Havre,49.4938975,0.1079732,-0.64,1029,52,116797886
158,Le Havre,49.4938975,0.1079732,1.38,1028,40,116797886
159,Le Havre,49.4938975,0.1079732,1.73,1027,39,116797886
160,Rouen,49.4404591,1.0939658,10.89,998,84,116490697
161,Rouen,49.4404591,1.0939658,10.0,998,79,116490697
162,Rouen,49.4404591,1.0939658,7.26,999,86,116490697
163,Rouen,49.4404591,1.0939658,7.25,1001,80,116490697
164,Rouen,49.4404591,1.0939658,6.67,1002,89,116490697
165,Rouen,49.4404591,1.0939658,6.38,1004,90,116490697
166,Rouen,49.4404591,1.0939658,9.06,1004,75,116490697
167,Rouen,49.4404591,1.0939658,8.16,1005,80,116490697
168,Rouen,49.4404591,1.0939658,5.22,1007,90,116490697
169,Rouen,49.4404591,1.0939658,4.7,1009,92,116490697
170,Rouen,49.4404591,1.0939658,4.09,1010,92,116490697
171,Rouen,49.4404591,1.0939658,4.01,1011,92,116490697
172,Rouen,49.4404591,1.0939658,5.2,1013,91,116490697
173,Rouen,49.4404591,1.0939658,5.59,1015,88,116490697
174,Rouen,49.4404591,1.0939658,7.13,1016,76,116490697
175,Rouen,49.4404591,1.0939658,6.59,1017,80,116490697
176,Rouen,49.4404591,1.0939658,5.18,1018,81,116490697
177,Rouen,49.4404591,1.0939658,4.52,1019,82,116490697
178,Rouen,49.4404591,1.0939658,4.52,1021,78,116490697
179,Rouen,49.4404591,1.0939658,4.21,1022,82,116490697
180,Rouen,49.4404591,1.0939658,4.29,1022,86,116490697
181,Rouen,49.4404591,1.0939658,4.48,1023,92,116490697
182,Rouen,49.4404591,1.0939658,5.48,1024,84,116490697
183,Rouen,49.4404591,1.0939658,4.97,1025,79,116490697
184,Rouen,49.4404591,1.0939658,4.17,1026,78,116490697
185,Rouen,49.4404591,1.0939658,1.55,1027,86,116490697
186,Rouen,49.4404591,1.0939658,-0.79,1028,83,116490697
187,Rouen,49.4404591,1.0939658,-1.99,1028,81,116490697
188,Rouen,49.4404591,1.0939658,-1.83,1029,84,116490697
189,Rouen,49.4404591,1.0939658,-1.1,1029,82,116490697
190,Rouen,49.4404591,1.0939658,1.26,1030,63,116490697
191,Rouen,49.4404591,1.0939658,1.2,1029,65,116490697
192,Rouen,49.4404591,1.0939658,-0.16,1030,71,116490697
193,Rouen,49.4404591,1.0939658,-1.07,1031,71,116490697
194,Rouen,49.4404591,1.0939658,-1.61,1030,68,116490697
195,Rouen,49.4404591,1.0939658,-1.92,1029,59,116490697
196,Rouen,49.4404591,1.0939658,-2.58,1029,55,116490697
197,Rouen,49.4404591,1.0939658,-2.35,1029,47,116490697
198,Rouen,49.4404591,1.0939658,0.47,1028,35,116490697
199,Rouen,49.4404591,1.0939658,0.21,1026,36,116490697
200,Paris,48.8534951,2.3483915,10.96,1003,83,114827617
201,Paris,48.8534951,2.3483915,10.76,1003,78,114827617
202,Paris,48.8534951,2.3483915,9.78,1002,70,114827617
203,Paris,48.8534951,2.3483915,8.46,1003,68,114827617
204,Paris,48.8534951,2.3483915,7.25,1003,78,114827617
205,Paris,48.8534951,2.3483915,7.15,1005,79,114827617
206,Paris,48.8534951,2.3483915,9.11,1005,67,114827617
207,Paris,48.8534951,2.3483915,9.34,1005,65,114827617
208,Paris,48.8534951,2.3483915,7.52,1007,77,114827617
209,Paris,48.8534951,2.3483915,6.55,1008,83,114827617
210,Paris,48.8534951,2.3483915,5.71,1009,86,114827617
211,Paris,48.8534951,2.3483915,5.08,1010,87,114827617
212,Paris,48.8534951,2.3483915,4.64,1012,84,114827617
213,Paris,48.8534951,2.3483915,5.14,1014,77,114827617
214,Paris,48.8534951,2.3483915,6.27,1015,69,114827617
215,Paris,48.8534951,2.3483915,6.33,1016,69,114827617
216,Paris,48.8534951,2.3483915,5.76,1017,76,114827617
217,Paris,48.8534951,2.3483915,5.35,1018,78,114827617
218,Paris,48.8534951,2.3483915,5.16,1018,78,114827617
219,Paris,48.8534951,2.3483915,4.72,1019,81,114827617
220,Paris,48.8534951,2.3483915,4.93,1020,85,114827617
221,Paris,48.8534951,2.3483915,5.0,1021,69,114827617
222,Paris,48.8534951,2.3483915,5.11,1022,76,114827617
223,Paris,48.8534951,2.3483915,4.86,1023,72,114827617
224,Paris,48.8534951,2.3483915,3.89,1024,75,114827617
225,Paris,48.8534951,2.3483915,3.22,1025,74,114827617
226,Paris,48.8534951,2.3483915,1.56,1026,74,114827617
227,Paris,48.8534951,2.3483915,0.5,1026,72,114827617
228,Paris,48.8534951,2.3483915,0.16,1027,71,114827617
229,Paris,48.8534951,2.3483915,0.21,1028,71,114827617
230,Paris,48.8534951,2.3483915,1.74,1028,53,114827617
231,Paris,48.8534951,2.3483915,2.14,1028,52,114827617
232,Paris,48.8534951,2.3483915,1.41,1028,58,114827617
233,Paris,48.8534951,2.3483915,0.53,1028,56,114827617
234,Paris,48.8534951,2.3483915,-0.1,1028,46,114827617
235,Paris,48.8534951,2.3483915,-0.67,1027,41,114827617
236,Paris,48.8534951,2.3483915,-1.1,1027,35,114827617
237,Paris,48.8534951,2.3483915,-1.1,1027,31,114827617
238,Paris,48.8534951,2.3483915,0.73,1026,25,114827617
239,Paris,48.8534951,2.3483915,0.8,1025,28,114827617
240,Amiens,49.8941708,2.2956951,9.73,1002,90,116694242
241,Amiens,49.8941708,2.2956951,9.93,1000,81,116694242
242,Amiens,49.8941708,2.2956951,8.37,998,71,116694242
243,Amiens,49.8941708,2.2956951,6.9,999,81,116694242
244,Amiens,49.8941708,2.2956951,7.22,1000,79,116694242
245,Amiens,49.8941708,2.2956951,6.8,1002,85,116694242
246,Amiens,49.8941708,2.2956951,8.66,1003,77,116694242
247,Amiens,49.8941708,2.2956951,7.63,1004,82,116694242
248,Amiens,49.8941708,2.2956951,5.23,1006,92,116694242
249,Amiens,49.8941708,2.2956951,5.47,1008,90,116694242
250,Amiens,49.8941708,2.2956951,4.39,1009,93,116694242
251,Amiens,49.8941708,2.2956951,4.47,1010,87,116694242
252,Amiens,49.8941708,2.2956951,5.28,1012,82,116694242
253,Amiens,49.8941708,2.2956951,5.31,1014,80,116694242
254,Amiens,49.8941708,2.2956951,5.72,1015,80,116694242
255,Amiens,49.8941708,2.2956951,5.68,1016,80,116694242
256,Amiens,49.8941708,2.2956951,5.02,1017,83,116694242
257,Amiens,49.8941708,2.2956951,4.85,1018,83,116694242
258,Amiens,49.8941708,2.2956951,4.55,1019,87,116694242
259,Amiens,49.8941708,2.2956951,4.57,1020,94,116694242
260,Amiens,49.8941708,2.2956951,4.68,1021,90,116694242
261,Amiens,49.8941708,2.2956951,3.4,1023,89,116694242
262,Amiens,49.8941708,2.2956951,4.61,1024,80,116694242
263,Amiens,49.8941708,2.2956951,4.21,1024,78,116694242
264,Amiens,49.8941708,2.2956951,2.37,1026,84,116694242
265,Amiens,49.8941708,2.2956951,0.74,1027,82,116694242
266,Amiens,49.8941708,2.2956951,-1.25,1028,80,116694242
267,Amiens,49.8941708,2.2956951,-1.28,1028,81,116694242
268,Amiens,49.8941708,2.2956951,-1.37,1029,84,116694242
269,Amiens,49.8941708,2.2956951,-1.09,1030,81,116694242
270,Amiens,49.8941708,2.2956951,0.81,1030,66,116694242
271,Amiens,49.8941708,2.2956951,0.88,1030,67,116694242
272,Amiens,49.8941708,2.2956951,-0.46,1031,70,116694242
273,Amiens,49.8941708,2.2956951,-1.4,1031,70,116694242
274,Amiens,49.8941708,2.2956951,-1.83,1031,65,116694242
275,Amiens,49.8941708,2.2956951,-2.38,1031,59,116694242
276,Amiens,49.8941708,2.2956951,-2.88,1030,53,116694242
277,Amiens,49.8941708,2.2956951,-2.62,1030,47,116694242
278,Amiens,49.8941708,2.2956951,0.09,1029,36,116694242
279,Amiens,49.8941708,2.2956951,-0.2,1028,35,116694242
280,Lille,50.6365654,3.0635282,9.12,1004,83,118533424
281,Lille,50.6365654,3.0635282,10.27,1001,78,118533424
282,Lille,50.6365654,3.0635282,9.59,997,70,118533424
283,Lille,50.6365654,3.0635282,6.98,995,79,118533424
284,Lille,50.6365654,3.0635282,5.89,996,90,118533424
285,Lille,50.6365654,3.0635282,6.52,999,87,118533424
286,Lille,50.6365654,3.0635282,7.14,1001,82,118533424
287,Lille,50.6365654,3.0635282,7.36,1003,79,118533424
288,Lille,50.6365654,3.0635282,6.79,1005,81,118533424
289,Lille,50.6365654,3.0635282,6.2,1007,82,118533424
290,Lille,50.6365654,3.0635282,6.21,1008,80,118533424
291,Lille,50.6365654,3.0635282,5.79,1009,80,118533424
292,Lille,50.6365654,3.0635282,5.75,1011,80,118533424
293,Lille,50.6365654,3.0635282,5.77,1013,79,118533424
294,Lille,50.6365654,3.0635282,6.09,1015,77,118533424
295,Lille,50.6365654,3.0635282,5.86,1015,76,118533424
296,Lille,50.6365654,3.0635282,5.38,1017,77,118533424
297,Lille,50.6365654,3.0635282,5.09,1018,80,118533424
298,Lille,50.6365654,3.0635282,5.09,1019,83,118533424
299,Lille,50.6365654,3.0635282,4.04,1020,85,118533424
300,Lille,50.6365654,3.0635282,3.78,1021,84,118533424
301,Lille,50.6365654,3.0635282,3.41,1023,84,118533424
302,Lille,50.6365654,3.0635282,3.94,1024,78,118533424
303,Lille,50.6365654,3.0635282,3.53,1025,75,118533424
304,Lille,50.6365654,3.0635282,1.43,1027,76,118533424
305,Lille,50.6365654,3.0635282,-0.62,1028,72,118533424
306,Lille,50.6365654,3.0635282,-1.06,1029,76,118533424
307,Lille,50.6365654,3.0635282,-1.12,1030,80,118533424
308,Lille,50.6365654,3.0635282,-1.35,1030,81,118533424
309,Lille,50.6365654,3.0635282,-0.97,1032,75,118533424
310,Lille,50.6365654,3.0635282,0.77,1032,63,118533424
311,Lille,50.6365654,3.0635282,0.68,1032,63,118533424
312,Lille,50.6365654,3.0635282,-0.53,1033,66,118533424
313,Lille,50.6365654,3.0635282,-1.07,1033,66,118533424
314,Lille,50.6365654,3.0635282,-1.53,1033,61,118533424
315,Lille,50.6365654,3.0635282,-2.03,1033,55,118533424
316,Lille,50.6365654,3.0635282,-2.34,1032,49,118533424
317,Lille,50.6365654,3.0635282,-2.06,1032,42,118533424
318,Lille,50.6365654,3.0635282,0.29,1031,32,118533424
319,Lille,50.6365654,3.0635282,-0.18,1030,32,118533424
320,Strasbourg,48.584614,7.7507127,8.62,1009,80,136466809
321,Strasbourg,48.584614,7.7507127,7.44,1008,84,136466809
322,Strasbourg,48.584614,7.7507127,6.42,1007,83,136466809
323,Strasbourg,48.584614,7.7507127,6.31,1005,79,136466809
324,Strasbourg,48.584614,7.7507127,6.44,1005,78,136466809
325,Strasbourg,48.584614,7.7507127,7.17,1005,79,136466809
326,Strasbourg,48.584614,7.7507127,7.78,1005,81,136466809
327,Strasbourg,48.584614,7.7507127,7.26,1005,87,136466809
328,Strasbourg,48.584614,7.7507127,6.29,1006,91,136466809
329,Strasbourg,48.584614,7.7507127,5.69,1007,90,136466809
330,Strasbourg,48.584614,7.7507127,5.18,1008,90,136466809
331,Strasbourg,48.584614,7.7507127,4.54,1008,89,136466809
332,Strasbourg,48.584614,7.7507127,3.96,1009,89,136466809
333,Strasbourg,48.584614,7.7507127,4.33,1010,86,136466809
334,Strasbourg,48.584614,7.7507127,5.7,1011,77,136466809
335,Strasbourg,48.584614,7.7507127,5.1,1011,87,136466809
336,Strasbourg,48.584614,7.7507127,4.92,1012,87,136466809
337,Strasbourg,48.584614,7.7507127,5.05,1012,80,136466809
338,Strasbourg,48.584614,7.7507127,4.31,1013,83,136466809
339,Strasbourg,48.584614,7.7507127,4.09,1014,87,136466809
340,Strasbourg,48.584614,7.7507127,3.99,1014,89,136466809
341,Strasbourg,48.584614,7.7507127,4.41,1016,88,136466809
342,Strasbourg,48.584614,7.7507127,2.69,1017,94,136466809
343,Strasbourg,48.584614,7.7507127,1.76,1019,94,136466809
344,Strasbourg,48.584614,7.7507127,1.54,1020,70,136466809
345,Strasbourg,48.584614,7.7507127,0.08,1022,70,136466809
346,Strasbourg,48.584614,7.7507127,-0.77,1023,69,136466809
347,Strasbourg,48.584614,7.7507127,-0.96,1024,68,136466809
348,Strasbourg,48.584614,7.7507127,-1.18,1025,67,136466809
349,Strasbourg,48.584614,7.7507127,-0.8,1026,62,136466809
350,Strasbourg,48.584614,7.7507127,0.59,1025,55,136466809
351,Strasbourg,48.584614,7.7507127,0.14,1026,57,136466809
352,Strasbourg,48.584614,7.7507127,-0.93,1027,58,136466809
353,Strasbourg,48.584614,7.7507127,-1.62,1027,55,136466809
354,Strasbourg,48.584614,7.7507127,-2.49,1027,52,136466809
355,Strasbourg,48.584614,7.7507127,-3.22,1027,47,136466809
356,Strasbourg,48.584614,7.7507127,-3.83,1027,43,136466809
357,Strasbourg,48.584614,7.7507127,-3.5,1027,38,136466809
358,Strasbourg,48.584614,7.7507127,-1.16,1026,33,136466809
359,Strasbourg,48.584614,7.7507127,-1.03,1026,35,136466809
360,Chateau du Haut Koenigsbourg,48.2495226,7.3454923,4.71,1009,86,136411398
361,Chateau du Haut Koenigsbourg,48.2495226,7.3454923,3.88,1009,85,136411398
362,Chateau du Haut Koenigsbourg,48.2495226,7.3454923,3.37,1007,83,136411398
363,Chateau du Haut Koenigsbourg,48.2495226,7.3454923,3.26,1006,84,136411398
364,Chateau du Haut Koenigsbourg,48.2495226,7.3454923,3.17,1005,86,136411398
365,Chateau du Haut Koenigsbourg,48.2495226,7.3454923,4.04,1005,86,136411398
366,Chateau du Haut Koenigsbourg,48.2495226,7.3454923,4.02,1005,90,136411398
367,Chateau du Haut Koenigsbourg,48.2495226,7.3454923,3.85,1006,92,136411398
368,Chateau du Haut Koenigsbourg,48.2495226,7.3454923,2.85,1006,93,136411398
369,Chateau du Haut Koenigsbourg,48.2495226,7.3454923,3.34,1007,86,136411398
370,Chateau du Haut Koenigsbourg,48.2495226,7.3454923,3.09,1007,86,136411398
371,Chateau du Haut Koenigsbourg,48.2495226,7.3454923,1.53,1008,92,136411398
372,Chateau du Haut Koenigsbourg,48.2495226,7.3454923,1.64,1009,90,136411398
373,Chateau du Haut Koenigsbourg,48.2495226,7.3454923,1.8,1010,88,136411398
374,Chateau du Haut Koenigsbourg,48.2495226,7.3454923,2.67,1011,81,136411398
375,Chateau du Haut Koenigsbourg,48.2495226,7.3454923,1.97,1011,86,136411398
376,Chateau du Haut Koenigsbourg,48.2495226,7.3454923,1.4,1012,95,136411398
377,Chateau du Haut Koenigsbourg,48.2495226,7.3454923,1.24,1013,96,136411398
378,Chateau du Haut Koenigsbourg,48.2495226,7.3454923,0.7,1013,94,136411398
379,Chateau du Haut Koenigsbourg,48.2495226,7.3454923,0.47,1014,96,136411398
380,Chateau du Haut Koenigsbourg,48.2495226,7.3454923,0.44,1014,99,136411398
381,Chateau du Haut Koenigsbourg,48.2495226,7.3454923,0.64,1016,99,136411398
382,Chateau du Haut Koenigsbourg,48.2495226,7.3454923,0.04,1016,98,136411398
383,Chateau du Haut Koenigsbourg,48.2495226,7.3454923,-1.05,1018,98,136411398
384,Chateau du Haut Koenigsbourg,48.2495226,7.3454923,-2.11,1020,90,136411398
385,Chateau du Haut Koenigsbourg,48.2495226,7.3454923,-3.67,1021,85,136411398
386,Chateau du Haut Koenigsbourg,48.2495226,7.3454923,-4.61,1022,84,136411398
387,Chateau du Haut Koenigsbourg,48.2495226,7.3454923,-5.02,1023,82,136411398
388,Chateau du Haut Koenigsbourg,48.2495226,7.3454923,-5.13,1024,82,136411398
389,Chateau du Haut Koenigsbourg,48.2495226,7.3454923,-4.71,1025,76,136411398
390,Chateau du Haut Koenigsbourg,48.2495226,7.3454923,-3.35,1025,65,136411398
391,Chateau du Haut Koenigsbourg,48.2495226,7.3454923,-3.63,1025,71,136411398
392,Chateau du Haut Koenigsbourg,48.2495226,7.3454923,-4.54,1026,71,136411398
393,Chateau du Haut Koenigsbourg,48.2495226,7.3454923,-5.43,1026,69,136411398
394,Chateau du Haut Koenigsbourg,48.2495226,7.3454923,-6.32,1026,67,136411398
395,Chateau du Haut Koenigsbourg,48.2495226,7.3454923,-7.02,1026,61,136411398
396,Chateau du Haut Koenigsbourg,48.2495226,7.3454923,-7.75,1026,58,136411398
397,Chateau du Haut Koenigsbourg,48.2495226,7.3454923,-7.39,1026,51,136411398
398,Chateau du Haut Koenigsbourg,48.2495226,7.3454923,-5.4,1026,44,136411398
399,Chateau du Haut Koenigsbourg,48.2495226,7.3454923,-5.02,1025,49,136411398
400,Colmar,48.0777517,7.3579641,8.03,1009,86,136331572
401,Colmar,48.0777517,7.3579641,7.17,1009,85,136331572
402,Colmar,48.0777517,7.3579641,6.33,1008,83,136331572
403,Colmar,48.0777517,7.3579641,6.18,1006,83,136331572
404,Colmar,48.0777517,7.3579641,5.97,1005,84,136331572
405,Colmar,48.0777517,7.3579641,7.04,1005,84,136331572
406,Colmar,48.0777517,7.3579641,7.58,1005,86,136331572
407,Colmar,48.0777517,7.3579641,6.8,1006,93,136331572
408,Colmar,48.0777517,7.3579641,6.17,1006,94,136331572
409,Colmar,48.0777517,7.3579641,5.98,1007,89,136331572
410,Colmar,48.0777517,7.3579641,6.1,1007,87,136331572
411,Colmar,48.0777517,7.3579641,4.99,1008,91,136331572
412,Colmar,48.0777517,7.3579641,4.58,1009,90,136331572
413,Colmar,48.0777517,7.3579641,4.94,1010,88,136331572
414,Colmar,48.0777517,7.3579641,5.76,1010,82,136331572
415,Colmar,48.0777517,7.3579641,5.17,1011,86,136331572
416,Colmar,48.0777517,7.3579641,4.48,1012,93,136331572
417,Colmar,48.0777517,7.3579641,4.25,1012,97,136331572
418,Colmar,48.0777517,7.3579641,3.91,1013,94,136331572
419,Colmar,48.0777517,7.3579641,3.5,1013,93,136331572
420,Colmar,48.0777517,7.3579641,3.39,1014,97,136331572
421,Colmar,48.0777517,7.3579641,3.62,1015,97,136331572
422,Colmar,48.0777517,7.3579641,3.16,1016,97,136331572
423,Colmar,48.0777517,7.3579641,1.95,1018,97,136331572
424,Colmar,48.0777517,7.3579641,1.02,1019,93,136331572
425,Colmar,48.0777517,7.3579641,-0.19,1021,83,136331572
426,Colmar,48.0777517,7.3579641,-1.23,1022,82,136331572
427,Colmar,48.0777517,7.3579641,-1.69,1023,81,136331572
428,Colmar,48.0777517,7.3579641,-1.77,1024,79,136331572
429,Colmar,48.0777517,7.3579641,-1.35,1024,74,136331572
430,Colmar,48.0777517,7.3579641,0.04,1024,63,136331572
431,Colmar,48.0777517,7.3579641,-0.34,1024,68,136331572
432,Colmar,48.0777517,7.3579641,-1.3,1025,68,136331572
433,Colmar,48.0777517,7.3579641,-2.23,1026,67,136331572
434,Colmar,48.0777517,7.3579641,-3.11,1026,65,136331572
435,Colmar,48.0777517,7.3579641,-3.86,1026,60,136331572
436,Colmar,48.0777517,7.3579641,-4.58,1025,57,136331572
437,Colmar,48.0777517,7.3579641,-4.24,1026,50,136331572
438,Colmar,48.0777517,7.3579641,-2.19,1025,43,136331572
439,Colmar,48.0777517,7.3579641,-1.67,1025,48,136331572
440,Eguisheim,48.0447968,7.3079618,7.8,1009,86,136516441
441,Eguisheim,48.0447968,7.3079618,7.14,1009,84,136516441
442,Eguisheim,48.0447968,7.3079618,6.4,1008,83,136516441
443,Eguisheim,48.0447968,7.3079618,6.18,1006,84,136516441
444,Eguisheim,48.0447968,7.3079618,6.0,1005,85,136516441
445,Eguisheim,48.0447968,7.3079618,7.18,1005,84,136516441
446,Eguisheim,48.0447968,7.3079618,7.61,1005,87,136516441
447,Eguisheim,48.0447968,7.3079618,6.83,1006,93,136516441
448,Eguisheim,48.0447968,7.3079618,6.2,1006,94,136516441
449,Eguisheim,48.0447968,7.3079618,5.9,1007,89,136516441
450,Eguisheim,48.0447968,7.3079618,6.07,1007,86,136516441
451,Eguisheim,48.0447968,7.3079618,4.97,1008,90,136516441
452,Eguisheim,48.0447968,7.3079618,4.62,1009,89,136516441
453,Eguisheim,48.0447968,7.3079618,5.06,1010,88,136516441
454,Eguisheim,48.0447968,7.3079618,5.86,1010,82,136516441
455,Eguisheim,48.0447968,7.3079618,5.18,1011,87,136516441
456,Eguisheim,48.0447968,7.3079618,4.46,1012,93,136516441
457,Eguisheim,48.0447968,7.3079618,4.28,1012,98,136516441
458,Eguisheim,48.0447968,7.3079618,3.96,1013,96,136516441
459,Eguisheim,48.0447968,7.3079618,3.48,1013,93,136516441
460,Eguisheim,48.0447968,7.3079618,3.41,1014,97,136516441
461,Eguisheim,48.0447968,7.3079618,3.62,1015,97,136516441
462,Eguisheim,48.0447968,7.3079618,3.3,1016,97,136516441
463,Eguisheim,48.0447968,7.3079618,2.0,1018,97,136516441
464,Eguisheim,48.0447968,7.3079618,1.05,1019,95,136516441
465,Eguisheim,48.0447968,7.3079618,-0.15,1021,85,136516441
466,Eguisheim,48.0447968,7.3079618,-1.26,1022,83,136516441
467,Eguisheim,48.0447968,7.3079618,-1.79,1023,82,136516441
468,Eguisheim,48.0447968,7.3079618,-1.91,1024,81,136516441
469,Eguisheim,48.0447968,7.3079618,-1.49,1024,76,136516441
470,Eguisheim,48.0447968,7.3079618,-0.1,1024,65,136516441
471,Eguisheim,48.0447968,7.3079618,-0.47,1024,69,136516441
472,Eguisheim,48.0447968,7.3079618,-1.39,1025,69,136516441
473,Eguisheim,48.0447968,7.3079618,-2.37,1026,69,136516441
474,Eguisheim,48.0447968,7.3079618,-3.25,1025,67,136516441
475,Eguisheim,48.0447968,7.3079618,-3.99,1026,62,136516441
476,Eguisheim,48.0447968,7.3079618,-4.74,1025,59,136516441
477,Eguisheim,48.0447968,7.3079618,-4.4,1026,52,136516441
478,Eguisheim,48.0447968,7.3079618,-2.4,1025,45,136516441
479,Eguisheim,48.0447968,7.3079618,-1.82,1025,50,136516441
480,Besancon,47.2380222,6.0243622,7.83,1010,85,110217040
481,Besancon,47.2380222,6.0243622,6.91,1009,80,110217040
482,Besancon,47.2380222,6.0243622,5.8,1008,83,110217040
483,Besancon,47.2380222,6.0243622,5.96,1007,86,110217040
484,Besancon,47.2380222,6.0243622,5.51,1006,93,110217040
485,Besancon,47.2380222,6.0243622,6.43,1006,91,110217040
486,Besancon,47.2380222,6.0243622,6.23,1006,98,110217040
487,Besancon,47.2380222,6.0243622,6.2,1006,94,110217040
488,Besancon,47.2380222,6.0243622,5.14,1007,95,110217040
489,Besancon,47.2380222,6.0243622,5.62,1007,94,110217040
490,Besancon,47.2380222,6.0243622,5.08,1007,96,110217040
491,Besancon,47.2380222,6.0243622,3.87,1008,96,110217040
492,Besancon,47.2380222,6.0243622,3.34,1009,96,110217040
493,Besancon,47.2380222,6.0243622,3.86,1011,94,110217040
494,Besancon,47.2380222,6.0243622,4.7,1011,90,110217040
495,Besancon,47.2380222,6.0243622,4.29,1011,92,110217040
496,Besancon,47.2380222,6.0243622,3.49,1012,97,110217040
497,Besancon,47.2380222,6.0243622,3.26,1013,94,110217040
498,Besancon,47.2380222,6.0243622,3.21,1013,95,110217040
499,Besancon,47.2380222,6.0243622,2.92,1014,93,110217040
500,Besancon,47.2380222,6.0243622,2.28,1014,96,110217040
501,Besancon,47.2380222,6.0243622,2.86,1015,97,110217040
502,Besancon,47.2380222,6.0243622,3.21,1016,96,110217040
503,Besancon,47.2380222,6.0243622,3.05,1016,97,110217040
504,Besancon,47.2380222,6.0243622,2.31,1017,98,110217040
505,Besancon,47.2380222,6.0243622,1.94,1018,97,110217040
506,Besancon,47.2380222,6.0243622,0.98,1019,92,110217040
507,Besancon,47.2380222,6.0243622,-0.49,1020,88,110217040
508,Besancon,47.2380222,6.0243622,-1.42,1021,84,110217040
509,Besancon,47.2380222,6.0243622,-1.15,1021,78,110217040
510,Besancon,47.2380222,6.0243622,-0.05,1021,68,110217040
511,Besancon,47.2380222,6.0243622,-0.36,1021,64,110217040
512,Besancon,47.2380222,6.0243622,-0.91,1022,69,110217040
513,Besancon,47.2380222,6.0243622,-1.43,1022,67,110217040
514,Besancon,47.2380222,6.0243622,-1.97,1022,65,110217040
515,Besancon,47.2380222,6.0243622,-2.62,1022,63,110217040
516,Besancon,47.2380222,6.0243622,-3.48,1021,63,110217040
517,Besancon,47.2380222,6.0243622,-3.27,1022,67,110217040
518,Besancon,47.2380222,6.0243622,-2.35,1022,81,110217040
519,Besancon,47.2380222,6.0243622,-1.56,1022,79,110217040
520,Dijon,47.3215806,5.0414701,9.32,1009,74,111540922
521,Dijon,47.3215806,5.0414701,7.75,1008,80,111540922
522,Dijon,47.3215806,5.0414701,6.1,1007,88,111540922
523,Dijon,47.3215806,5.0414701,5.23,1006,91,111540922
524,Dijon,47.3215806,5.0414701,6.36,1005,91,111540922
525,Dijon,47.3215806,5.0414701,6.81,1006,91,111540922
526,Dijon,47.3215806,5.0414701,7.78,1005,86,111540922
527,Dijon,47.3215806,5.0414701,7.38,1006,90,111540922
528,Dijon,47.3215806,5.0414701,5.45,1006,93,111540922
529,Dijon,47.3215806,5.0414701,4.33,1008,93,111540922
530,Dijon,47.3215806,5.0414701,3.45,1008,93,111540922
531,Dijon,47.3215806,5.0414701,3.44,1009,93,111540922
532,Dijon,47.3215806,5.0414701,3.43,1010,94,111540922
533,Dijon,47.3215806,5.0414701,4.1,1012,90,111540922
534,Dijon,47.3215806,5.0414701,5.48,1012,80,111540922
535,Dijon,47.3215806,5.0414701,4.22,1012,86,111540922
536,Dijon,47.3215806,5.0414701,3.32,1013,96,111540922
537,Dijon,47.3215806,5.0414701,3.14,1014,96,111540922
538,Dijon,47.3215806,5.0414701,3.12,1014,95,111540922
539,Dijon,47.3215806,5.0414701,2.87,1015,91,111540922
540,Dijon,47.3215806,5.0414701,2.45,1015,96,111540922
541,Dijon,47.3215806,5.0414701,2.61,1017,92,111540922
542,Dijon,47.3215806,5.0414701,3.42,1017,89,111540922
543,Dijon,47.3215806,5.0414701,2.87,1017,96,111540922
544,Dijon,47.3215806,5.0414701,2.31,1018,97,111540922
545,Dijon,47.3215806,5.0414701,1.27,1019,93,111540922
546,Dijon,47.3215806,5.0414701,-0.22,1020,84,111540922
547,Dijon,47.3215806,5.0414701,-1.07,1021,82,111540922
548,Dijon,47.3215806,5.0414701,-1.71,1021,80,111540922
549,Dijon,47.3215806,5.0414701,-1.2,1022,77,111540922
550,Dijon,47.3215806,5.0414701,-0.02,1022,66,111540922
551,Dijon,47.3215806,5.0414701,-0.25,1022,67,111540922
552,Dijon,47.3215806,5.0414701,-1.35,1023,71,111540922
553,Dijon,47.3215806,5.0414701,-1.51,1023,69,111540922
554,Dijon,47.3215806,5.0414701,-1.67,1022,65,111540922
555,Dijon,47.3215806,5.0414701,-1.88,1022,60,111540922
556,Dijon,47.3215806,5.0414701,-2.98,1022,59,111540922
557,Dijon,47.3215806,5.0414701,-2.9,1023,55,111540922
558,Dijon,47.3215806,5.0414701,-1.97,1023,59,111540922
559,Dijon,47.3215806,5.0414701,-2.24,1023,70,111540922
560,Annecy,45.8992348,6.1288847,9.03,1011,63,107354879
561,Annecy,45.8992348,6.1288847,6.98,1011,70,107354879
562,Annecy,45.8992348,6.1288847,4.69,1010,76,107354879
563,Annecy,45.8992348,6.1288847,4.59,1009,76,107354879
564,Annecy,45.8992348,6.1288847,5.15,1007,81,107354879
565,Annecy,45.8992348,6.1288847,4.88,1007,95,107354879
566,Annecy,45.8992348,6.1288847,4.77,1006,97,107354879
567,Annecy,45.8992348,6.1288847,4.18,1006,99,107354879
568,Annecy,45.8992348,6.1288847,3.75,1006,99,107354879
569,Annecy,45.8992348,6.1288847,4.09,1006,99,107354879
570,Annecy,45.8992348,6.1288847,4.46,1006,99,107354879
571,Annecy,45.8992348,6.1288847,4.23,1006,99,107354879
572,Annecy,45.8992348,6.1288847,3.9,1007,99,107354879
573,Annecy,45.8992348,6.1288847,4.01,1008,95,107354879
574,Annecy,45.8992348,6.1288847,4.65,1008,90,107354879
575,Annecy,45.8992348,6.1288847,4.09,1008,91,107354879
576,Annecy,45.8992348,6.1288847,2.92,1009,95,107354879
577,Annecy,45.8992348,6.1288847,2.63,1010,99,107354879
578,Annecy,45.8992348,6.1288847,2.59,1010,98,107354879
579,Annecy,45.8992348,6.1288847,2.39,1010,96,107354879
580,Annecy,45.8992348,6.1288847,2.26,1010,96,107354879
581,Annecy,45.8992348,6.1288847,2.56,1012,92,107354879
582,Annecy,45.8992348,6.1288847,3.47,1012,91,107354879
583,Annecy,45.8992348,6.1288847,3.32,1013,92,107354879
584,Annecy,45.8992348,6.1288847,2.21,1014,98,107354879
585,Annecy,45.8992348,6.1288847,2.03,1014,96,107354879
586,Annecy,45.8992348,6.1288847,1.47,1015,96,107354879
587,Annecy,45.8992348,6.1288847,0.04,1016,94,107354879
588,Annecy,45.8992348,6.1288847,-1.0,1017,95,107354879
589,Annecy,45.8992348,6.1288847,-1.26,1018,93,107354879
590,Annecy,45.8992348,6.1288847,-0.82,1018,90,107354879
591,Annecy,45.8992348,6.1288847,-1.46,1019,93,107354879
592,Annecy,45.8992348,6.1288847,-2.74,1020,96,107354879
593,Annecy,45.8992348,6.1288847,-3.14,1020,96,107354879
594,Annecy,45.8992348,6.1288847,-3.6,1020,95,107354879
595,Annecy,45.8992348,6.1288847,-4.06,1021,94,107354879
596,Annecy,45.8992348,6.1288847,-3.94,1021,94,107354879
597,Annecy,45.8992348,6.1288847,-3.33,1022,92,107354879
598,Annecy,45.8992348,6.1288847,-2.35,1022,93,107354879
599,Annecy,45.8992348,6.1288847,-1.8,1022,93,107354879
600,Grenoble,45.1875602,5.7357819,9.12,1011,75,108194303
601,Grenoble,45.1875602,5.7357819,7.97,1011,77,108194303
602,Grenoble,45.1875602,5.7357819,6.88,1010,77,108194303
603,Grenoble,45.1875602,5.7357819,8.02,1008,84,108194303
604,Grenoble,45.1875602,5.7357819,7.69,1006,98,108194303
605,Grenoble,45.1875602,5.7357819,7.21,1006,98,108194303
606,Grenoble,45.1875602,5.7357819,6.69,1005,98,108194303
607,Grenoble,45.1875602,5.7357819,5.58,1005,99,108194303
608,Grenoble,45.1875602,5.7357819,4.93,1006,100,108194303
609,Grenoble,45.1875602,5.7357819,5.02,1006,100,108194303
610,Grenoble,45.1875602,5.7357819,5.0,1006,100,108194303
611,Grenoble,45.1875602,5.7357819,4.92,1006,100,108194303
612,Grenoble,45.1875602,5.7357819,4.62,1006,100,108194303
613,Grenoble,45.1875602,5.7357819,4.64,1008,100,108194303
614,Grenoble,45.1875602,5.7357819,5.11,1008,100,108194303
615,Grenoble,45.1875602,5.7357819,4.64,1008,99,108194303
616,Grenoble,45.1875602,5.7357819,4.06,1009,100,108194303
617,Grenoble,45.1875602,5.7357819,3.69,1009,99,108194303
618,Grenoble,45.1875602,5.7357819,3.66,1009,99,108194303
619,Grenoble,45.1875602,5.7357819,3.44,1009,99,108194303
620,Grenoble,45.1875602,5.7357819,3.39,1009,99,108194303
621,Grenoble,45.1875602,5.7357819,3.36,1011,99,108194303
622,Grenoble,45.1875602,5.7357819,3.48,1012,99,108194303
623,Grenoble,45.1875602,5.7357819,3.42,1013,99,108194303
624,Grenoble,45.1875602,5.7357819,3.21,1014,99,108194303
625,Grenoble,45.1875602,5.7357819,3.07,1014,99,108194303
626,Grenoble,45.1875602,5.7357819,2.81,1015,99,108194303
627,Grenoble,45.1875602,5.7357819,2.39,1015,99,108194303
628,Grenoble,45.1875602,5.7357819,1.37,1016,99,108194303
629,Grenoble,45.1875602,5.7357819,0.88,1017,96,108194303
630,Grenoble,45.1875602,5.7357819,1.14,1017,95,108194303
631,Grenoble,45.1875602,5.7357819,0.42,1018,97,108194303
632,Grenoble,45.1875602,5.7357819,-1.76,1019,98,108194303
633,Grenoble,45.1875602,5.7357819,-2.66,1020,98,108194303
634,Grenoble,45.1875602,5.7357819,-2.39,1020,98,108194303
635,Grenoble,45.1875602,5.7357819,-2.47,1020,98,108194303
636,Grenoble,45.1875602,5.7357819,-2.26,1020,97,108194303
637,Grenoble,45.1875602,5.7357819,-1.09,1021,96,108194303
638,Grenoble,45.1875602,5.7357819,1.81,1020,94,108194303
639,Grenoble,45.1875602,5.7357819,2.37,1020,95,108194303
640,Lyon,45.7578137,4.8320114,11.02,1010,64,108560795
641,Lyon,45.7578137,4.8320114,9.6,1010,69,108560795
642,Lyon,45.7578137,4.8320114,8.13,1008,73,108560795
643,Lyon,45.7578137,4.8320114,7.46,1007,76,108560795
644,Lyon,45.7578137,4.8320114,6.97,1005,81,108560795
645,Lyon,45.7578137,4.8320114,7.36,1006,81,108560795
646,Lyon,45.7578137,4.8320114,6.89,1006,93,108560795
647,Lyon,45.7578137,4.8320114,7.01,1005,93,108560795
648,Lyon,45.7578137,4.8320114,6.87,1006,89,108560795
649,Lyon,45.7578137,4.8320114,6.51,1006,90,108560795
650,Lyon,45.7578137,4.8320114,6.46,1007,90,108560795
651,Lyon,45.7578137,4.8320114,6.32,1007,87,108560795
652,Lyon,45.7578137,4.8320114,5.8,1008,83,108560795
653,Lyon,45.7578137,4.8320114,5.98,1010,83,108560795
654,Lyon,45.7578137,4.8320114,6.44,1010,80,108560795
655,Lyon,45.7578137,4.8320114,6.36,1011,76,108560795
656,Lyon,45.7578137,4.8320114,4.68,1012,82,108560795
657,Lyon,45.7578137,4.8320114,3.81,1012,93,108560795
658,Lyon,45.7578137,4.8320114,3.53,1012,95,108560795
659,Lyon,45.7578137,4.8320114,3.43,1013,95,108560795
660,Lyon,45.7578137,4.8320114,3.37,1013,91,108560795
661,Lyon,45.7578137,4.8320114,3.01,1015,92,108560795
662,Lyon,45.7578137,4.8320114,3.4,1015,89,108560795
663,Lyon,45.7578137,4.8320114,3.64,1016,86,108560795
664,Lyon,45.7578137,4.8320114,3.07,1016,95,108560795
665,Lyon,45.7578137,4.8320114,2.96,1017,95,108560795
666,Lyon,45.7578137,4.8320114,2.33,1017,95,108560795
667,Lyon,45.7578137,4.8320114,1.35,1018,94,108560795
668,Lyon,45.7578137,4.8320114,0.83,1018,83,108560795
669,Lyon,45.7578137,4.8320114,0.22,1019,81,108560795
670,Lyon,45.7578137,4.8320114,0.41,1020,81,108560795
671,Lyon,45.7578137,4.8320114,-0.28,1020,87,108560795
672,Lyon,45.7578137,4.8320114,-1.14,1020,93,108560795
673,Lyon,45.7578137,4.8320114,-1.38,1021,93,108560795
674,Lyon,45.7578137,4.8320114,-1.75,1020,93,108560795
675,Lyon,45.7578137,4.8320114,-1.79,1020,92,108560795
676,Lyon,45.7578137,4.8320114,-2.52,1020,92,108560795
677,Lyon,45.7578137,4.8320114,-2.06,1022,86,108560795
678,Lyon,45.7578137,4.8320114,-0.11,1021,79,108560795
679,Lyon,45.7578137,4.8320114,0.1,1021,80,108560795
680,Gorges du Verdon,43.7496562,6.3285616,7.67,1012,66,101828497
681,Gorges du Verdon,43.7496562,6.3285616,6.6,1013,67,101828497
682,Gorges du Verdon,43.7496562,6.3285616,6.44,1010,80,101828497
683,Gorges du Verdon,43.7496562,6.3285616,6.0,1008,92,101828497
684,Gorges du Verdon,43.7496562,6.3285616,5.61,1006,93,101828497
685,Gorges du Verdon,43.7496562,6.3285616,5.81,1005,91,101828497
686,Gorges du Verdon,43.7496562,6.3285616,5.71,1003,94,101828497
687,Gorges du Verdon,43.7496562,6.3285616,5.56,1002,92,101828497
688,Gorges du Verdon,43.7496562,6.3285616,5.58,1001,90,101828497
689,Gorges du Verdon,43.7496562,6.3285616,5.23,1001,93,101828497
690,Gorges du Verdon,43.7496562,6.3285616,5.23,1001,95,101828497
691,Gorges du Verdon,43.7496562,6.3285616,5.04,1000,96,101828497
692,Gorges du Verdon,43.7496562,6.3285616,4.28,999,95,101828497
693,Gorges du Verdon,43.7496562,6.3285616,4.45,999,91,101828497
694,Gorges du Verdon,43.7496562,6.3285616,6.88,998,76,101828497
695,Gorges du Verdon,43.7496562,6.3285616,5.72,998,80,101828497
696,Gorges du Verdon,43.7496562,6.3285616,3.11,999,87,101828497
697,Gorges du Verdon,43.7496562,6.3285616,1.95,1000,86,101828497
698,Gorges du Verdon,43.7496562,6.3285616,0.43,1001,79,101828497
699,Gorges du Verdon,43.7496562,6.3285616,0.69,1001,73,101828497
700,Gorges du Verdon,43.7496562,6.3285616,1.06,1001,70,101828497
701,Gorges du Verdon,43.7496562,6.3285616,2.55,1002,69,101828497
702,Gorges du Verdon,43.7496562,6.3285616,5.03,1002,57,101828497
703,Gorges du Verdon,43.7496562,6.3285616,4.64,1003,64,101828497
704,Gorges du Verdon,43.7496562,6.3285616,2.13,1005,74,101828497
705,Gorges du Verdon,43.7496562,6.3285616,1.05,1007,80,101828497
706,Gorges du Verdon,43.7496562,6.3285616,0.9,1008,79,101828497
707,Gorges du Verdon,43.7496562,6.3285616,1.54,1009,78,101828497
708,Gorges du Verdon,43.7496562,6.3285616,2.32,1009,89,101828497
709,Gorges du Verdon,43.7496562,6.3285616,2.3,1010,96,101828497
710,Gorges du Verdon,43.7496562,6.3285616,2.51,1011,98,101828497
711,Gorges du Verdon,43.7496562,6.3285616,2.36,1012,99,101828497
712,Gorges du Verdon,43.7496562,6.3285616,2.28,1013,99,101828497
713,Gorges du Verdon,43.7496562,6.3285616,2.27,1014,99,101828497
714,Gorges du Verdon,43.7496562,6.3285616,1.63,1015,99,101828497
715,Gorges du Verdon,43.7496562,6.3285616,1.23,1015,99,101828497
716,Gorges du Verdon,43.7496562,6.3285616,0.77,1015,100,101828497
717,Gorges du Verdon,43.7496562,6.3285616,0.89,1017,99,101828497
718,Gorges du Verdon,43.7496562,6.3285616,1.03,1018,100,101828497
719,Gorges du Verdon,43.7496562,6.3285616,0.75,1019,100,101828497
720,Bormes les Mimosas,43.1506968,6.3419285,14.55,1011,53,101877567
721,Bormes les Mimosas,43.1506968,6.3419285,12.99,1012,61,101877567
722,Bormes les Mimosas,43.1506968,6.3419285,12.17,1010,73,101877567
723,Bormes les Mimosas,43.1506968,6.3419285,11.44,1008,90,101877567
724,Bormes les Mimosas,43.1506968,6.3419285,11.65,1006,94,101877567
725,Bormes les Mimosas,43.1506968,6.3419285,11.6,1005,92,101877567
726,Bormes les Mimosas,43.1506968,6.3419285,11.47,1003,92,101877567
727,Bormes les Mimosas,43.1506968,6.3419285,11.29,1001,88,101877567
728,Bormes les Mimosas,43.1506968,6.3419285,10.78,1001,90,101877567
729,Bormes les Mimosas,43.1506968,6.3419285,10.62,1001,92,101877567
730,Bormes les Mimosas,43.1506968,6.3419285,10.55,1000,91,101877567
731,Bormes les Mimosas,43.1506968,6.3419285,10.44,999,89,101877567
732,Bormes les Mimosas,43.1506968,6.3419285,10.28,999,84,101877567
733,Bormes les Mimosas,43.1506968,6.3419285,9.95,999,73,101877567
734,Bormes les Mimosas,43.1506968,6.3419285,11.3,998,63,101877567
735,Bormes les Mimosas,43.1506968,6.3419285,11.21,998,60,101877567
736,Bormes les Mimosas,43.1506968,6.3419285,9.08,998,62,101877567
737,Bormes les Mimosas,43.1506968,6.3419285,8.32,998,61,101877567
738,Bormes les Mimosas,43.1506968,6.3419285,7.73,999,61,101877567
739,Bormes les Mimosas,43.1506968,6.3419285,7.1,999,62,101877567
740,Bormes les Mimosas,43.1506968,6.3419285,7.3,1000,59,101877567
741,Bormes les Mimosas,43.1506968,6.3419285,7.86,1002,59,101877567
742,Bormes les Mimosas,43.1506968,6.3419285,8.11,1003,64,101877567
743,Bormes les Mimosas,43.1506968,6.3419285,8.6,1004,63,101877567
744,Bormes les Mimosas,43.1506968,6.3419285,8.78,1005,58,101877567
745,Bormes les Mimosas,43.1506968,6.3419285,7.47,1006,59,101877567
746,Bormes les Mimosas,43.1506968,6.3419285,6.79,1007,62,101877567
747,Bormes les Mimosas,43.1506968,6.3419285,6.81,1008,63,101877567
748,Bormes les Mimosas,43.1506968,6.3419285,6.64,1009,65,101877567
749,Bormes les Mimosas,43.1506968,6.3419285,6.12,1010,76,101877567
750,Bormes les Mimosas,43.1506968,6.3419285,5.97,1011,86,101877567
751,Bormes les Mimosas,43.1506968,6.3419285,6.18,1012,87,101877567
752,Bormes les Mimosas,43.1506968,6.3419285,6.09,1013,89,101877567
753,Bormes les Mimosas,43.1506968,6.3419285,6.49,1014,89,101877567
754,Bormes les Mimosas,43.1506968,6.3419285,6.69,1014,88,101877567
755,Bormes les Mimosas,43.1506968,6.3419285,6.09,1015,89,101877567
756,Bormes les Mimosas,43.1506968,6.3419285,5.65,1015,92,101877567
757,Bormes les Mimosas,43.1506968,6.3419285,6.2,1017,91,101877567
758,Bormes les Mimosas,43.1506968,6.3419285,6.17,1018,90,101877567
759,Bormes les Mimosas,43.1506968,6.3419285,7.19,1019,81,101877567
760,Cassis,43.2140359,5.5396318,14.96,1012,49,102437647
761,Cassis,43.2140359,5.5396318,13.81,1012,61,102437647
762,Cassis,43.2140359,5.5396318,12.68,1009,74,102437647
763,Cassis,43.2140359,5.5396318,12.46,1006,83,102437647
764,Cassis,43.2140359,5.5396318,12.44,1005,85,102437647
765,Cassis,43.2140359,5.5396318,12.05,1004,85,102437647
766,Cassis,43.2140359,5.5396318,11.94,1002,88,102437647
767,Cassis,43.2140359,5.5396318,11.94,1001,87,102437647
768,Cassis,43.2140359,5.5396318,11.69,1001,92,102437647
769,Cassis,43.2140359,5.5396318,11.43,1001,93,102437647
770,Cassis,43.2140359,5.5396318,11.09,1000,91,102437647
771,Cassis,43.2140359,5.5396318,11.01,999,89,102437647
772,Cassis,43.2140359,5.5396318,10.26,1000,86,102437647
773,Cassis,43.2140359,5.5396318,9.7,1000,74,102437647
774,Cassis,43.2140359,5.5396318,10.54,1000,64,102437647
775,Cassis,43.2140359,5.5396318,9.86,1000,63,102437647
776,Cassis,43.2140359,5.5396318,8.42,1001,67,102437647
777,Cassis,43.2140359,5.5396318,7.53,1001,69,102437647
778,Cassis,43.2140359,5.5396318,6.99,1001,72,102437647
779,Cassis,43.2140359,5.5396318,6.75,1002,75,102437647
780,Cassis,43.2140359,5.5396318,6.42,1002,77,102437647
781,Cassis,43.2140359,5.5396318,7.1,1003,72,102437647
782,Cassis,43.2140359,5.5396318,9.12,1004,59,102437647
783,Cassis,43.2140359,5.5396318,8.44,1005,64,102437647
784,Cassis,43.2140359,5.5396318,7.12,1007,72,102437647
785,Cassis,43.2140359,5.5396318,6.64,1008,75,102437647
786,Cassis,43.2140359,5.5396318,6.13,1009,80,102437647
787,Cassis,43.2140359,5.5396318,5.8,1009,83,102437647
788,Cassis,43.2140359,5.5396318,5.91,1010,80,102437647
789,Cassis,43.2140359,5.5396318,5.84,1011,81,102437647
790,Cassis,43.2140359,5.5396318,5.46,1012,92,102437647
791,Cassis,43.2140359,5.5396318,5.07,1013,92,102437647
792,Cassis,43.2140359,5.5396318,4.68,1014,94,102437647
793,Cassis,43.2140359,5.5396318,3.74,1016,96,102437647
794,Cassis,43.2140359,5.5396318,3.05,1016,94,102437647
795,Cassis,43.2140359,5.5396318,2.91,1017,93,102437647
796,Cassis,43.2140359,5.5396318,2.95,1016,90,102437647
797,Cassis,43.2140359,5.5396318,3.7,1018,89,102437647
798,Cassis,43.2140359,5.5396318,5.32,1019,88,102437647
799,Cassis,43.2140359,5.5396318,6.35,1018,83,102437647
800,Marseille,43.2961743,5.3699525,14.92,1011,51,102392404
801,Marseille,43.2961743,5.3699525,14.0,1011,61,102392404
802,Marseille,43.2961743,5.3699525,12.88,1009,76,102392404
803,Marseille,43.2961743,5.3699525,12.79,1006,81,102392404
804,Marseille,43.2961743,5.3699525,12.81,1004,84,102392404
805,Marseille,43.2961743,5.3699525,12.54,1004,84,102392404
806,Marseille,43.2961743,5.3699525,12.09,1002,89,102392404
807,Marseille,43.2961743,5.3699525,12.11,1001,88,102392404
808,Marseille,43.2961743,5.3699525,11.82,1001,91,102392404
809,Marseille,43.2961743,5.3699525,10.94,1001,91,102392404
810,Marseille,43.2961743,5.3699525,10.56,1001,89,102392404
811,Marseille,43.2961743,5.3699525,10.33,1000,86,102392404
812,Marseille,43.2961743,5.3699525,9.77,1000,82,102392404
813,Marseille,43.2961743,5.3699525,9.36,1001,73,102392404
814,Marseille,43.2961743,5.3699525,10.32,1001,65,102392404
815,Marseille,43.2961743,5.3699525,9.76,1001,64,102392404
816,Marseille,43.2961743,5.3699525,8.53,1001,66,102392404
817,Marseille,43.2961743,5.3699525,7.57,1002,70,102392404
818,Marseille,43.2961743,5.3699525,7.13,1002,73,102392404
819,Marseille,43.2961743,5.3699525,6.87,1002,76,102392404
820,Marseille,43.2961743,5.3699525,6.69,1002,77,102392404
821,Marseille,43.2961743,5.3699525,7.03,1004,74,102392404
822,Marseille,43.2961743,5.3699525,8.51,1004,64,102392404
823,Marseille,43.2961743,5.3699525,7.89,1006,68,102392404
824,Marseille,43.2961743,5.3699525,6.97,1007,74,102392404
825,Marseille,43.2961743,5.3699525,6.68,1008,77,102392404
826,Marseille,43.2961743,5.3699525,6.28,1009,80,102392404
827,Marseille,43.2961743,5.3699525,5.9,1010,83,102392404
828,Marseille,43.2961743,5.3699525,5.71,1010,81,102392404
829,Marseille,43.2961743,5.3699525,5.72,1012,78,102392404
830,Marseille,43.2961743,5.3699525,5.31,1013,86,102392404
831,Marseille,43.2961743,5.3699525,4.84,1013,86,102392404
832,Marseille,43.2961743,5.3699525,3.94,1015,92,102392404
833,Marseille,43.2961743,5.3699525,3.03,1017,95,102392404
834,Marseille,43.2961743,5.3699525,2.76,1016,91,102392404
835,Marseille,43.2961743,5.3699525,2.51,1017,90,102392404
836,Marseille,43.2961743,5.3699525,2.47,1017,88,102392404
837,Marseille,43.2961743,5.3699525,3.07,1018,86,102392404
838,Marseille,43.2961743,5.3699525,4.81,1019,81,102392404
839,Marseille,43.2961743,5.3699525,5.87,1019,82,102392404
840,Aix en Provence,43.5298424,5.4474738,13.06,1011,56,102741999
841,Aix en Provence,43.5298424,5.4474738,11.48,1012,61,102741999
842,Aix en Provence,43.5298424,5.4474738,9.94,1009,74,102741999
843,Aix en Provence,43.5298424,5.4474738,10.03,1006,76,102741999
844,Aix en Provence,43.5298424,5.4474738,10.09,1005,86,102741999
845,Aix en Provence,43.5298424,5.4474738,10.33,1004,87,102741999
846,Aix en Provence,43.5298424,5.4474738,9.88,1003,92,102741999
847,Aix en Provence,43.5298424,5.4474738,9.9,1001,90,102741999
848,Aix en Provence,43.5298424,5.4474738,9.44,1001,94,102741999
849,Aix en Provence,43.5298424,5.4474738,9.21,1001,95,102741999
850,Aix en Provence,43.5298424,5.4474738,8.99,1001,94,102741999
851,Aix en Provence,43.5298424,5.4474738,8.66,1000,92,102741999
852,Aix en Provence,43.5298424,5.4474738,7.76,1000,87,102741999
853,Aix en Provence,43.5298424,5.4474738,7.39,1001,78,102741999
854,Aix en Provence,43.5298424,5.4474738,8.99,1000,63,102741999
855,Aix en Provence,43.5298424,5.4474738,8.06,1001,62,102741999
856,Aix en Provence,43.5298424,5.4474738,6.38,1001,65,102741999
857,Aix en Provence,43.5298424,5.4474738,5.4,1002,69,102741999
858,Aix en Provence,43.5298424,5.4474738,4.74,1002,73,102741999
859,Aix en Provence,43.5298424,5.4474738,4.49,1002,77,102741999
860,Aix en Provence,43.5298424,5.4474738,4.23,1002,78,102741999
861,Aix en Provence,43.5298424,5.4474738,5.26,1004,72,102741999
862,Aix en Provence,43.5298424,5.4474738,7.52,1004,57,102741999
863,Aix en Provence,43.5298424,5.4474738,6.47,1005,64,102741999
864,Aix en Provence,43.5298424,5.4474738,4.43,1007,77,102741999
865,Aix en Provence,43.5298424,5.4474738,4.0,1008,81,102741999
866,Aix en Provence,43.5298424,5.4474738,3.45,1009,86,102741999
867,Aix en Provence,43.5298424,5.4474738,3.02,1010,88,102741999
868,Aix en Provence,43.5298424,5.4474738,3.15,1010,87,102741999
869,Aix en Provence,43.5298424,5.4474738,3.64,1012,85,102741999
870,Aix en Provence,43.5298424,5.4474738,3.68,1013,92,102741999
871,Aix en Provence,43.5298424,5.4474738,3.08,1013,94,102741999
872,Aix en Provence,43.5298424,5.4474738,2.22,1015,97,102741999
873,Aix en Provence,43.5298424,5.4474738,1.2,1016,98,102741999
874,Aix en Provence,43.5298424,5.4474738,0.56,1016,97,102741999
875,Aix en Provence,43.5298424,5.4474738,0.14,1017,97,102741999
876,Aix en Provence,43.5298424,5.4474738,-0.18,1017,96,102741999
877,Aix en Provence,43.5298424,5.4474738,0.56,1019,96,102741999
878,Aix en Provence,43.5298424,5.4474738,2.6,1019,96,102741999
879,Aix en Provence,43.5298424,5.4474738,2.73,1019,97,102741999
880,Avignon,43.9492493,4.8059012,12.68,1011,62,102193665
881,Avignon,43.9492493,4.8059012,12.13,1011,59,102193665
882,Avignon,43.9492493,4.8059012,10.04,1009,76,102193665
883,Avignon,43.9492493,4.8059012,9.83,1006,83,102193665
884,Avignon,43.9492493,4.8059012,10.13,1004,85,102193665
885,Avignon,43.9492493,4.8059012,10.6,1004,87,102193665
886,Avignon,43.9492493,4.8059012,10.26,1003,94,102193665
887,Avignon,43.9492493,4.8059012,9.48,1002,90,102193665
888,Avignon,43.9492493,4.8059012,8.33,1002,85,102193665
889,Avignon,43.9492493,4.8059012,7.7,1003,86,102193665
890,Avignon,43.9492493,4.8059012,7.66,1003,84,102193665
891,Avignon,43.9492493,4.8059012,7.92,1003,81,102193665
892,Avignon,43.9492493,4.8059012,7.83,1003,74,102193665
893,Avignon,43.9492493,4.8059012,8.05,1004,65,102193665
894,Avignon,43.9492493,4.8059012,9.42,1004,62,102193665
895,Avignon,43.9492493,4.8059012,8.62,1004,60,102193665
896,Avignon,43.9492493,4.8059012,7.4,1005,61,102193665
897,Avignon,43.9492493,4.8059012,6.49,1005,62,102193665
898,Avignon,43.9492493,4.8059012,6.03,1005,66,102193665
899,Avignon,43.9492493,4.8059012,5.83,1006,68,102193665
900,Avignon,43.9492493,4.8059012,5.9,1006,67,102193665
901,Avignon,43.9492493,4.8059012,5.97,1007,63,102193665
902,Avignon,43.9492493,4.8059012,6.17,1008,68,102193665
903,Avignon,43.9492493,4.8059012,6.37,1009,63,102193665
904,Avignon,43.9492493,4.8059012,5.96,1010,65,102193665
905,Avignon,43.9492493,4.8059012,5.52,1011,68,102193665
906,Avignon,43.9492493,4.8059012,5.33,1012,71,102193665
907,Avignon,43.9492493,4.8059012,4.28,1012,78,102193665
908,Avignon,43.9492493,4.8059012,3.83,1012,74,102193665
909,Avignon,43.9492493,4.8059012,3.61,1014,68,102193665
910,Avignon,43.9492493,4.8059012,3.96,1015,61,102193665
911,Avignon,43.9492493,4.8059012,2.52,1016,71,102193665
912,Avignon,43.9492493,4.8059012,1.28,1017,77,102193665
913,Avignon,43.9492493,4.8059012,0.56,1018,88,102193665
914,Avignon,43.9492493,4.8059012,0.36,1018,89,102193665
915,Avignon,43.9492493,4.8059012,0.02,1018,85,102193665
916,Avignon,43.9492493,4.8059012,-1.2,1018,85,102193665
917,Avignon,43.9492493,4.8059012,-0.09,1020,80,102193665
918,Avignon,43.9492493,4.8059012,2.66,1020,72,102193665
919,Avignon,43.9492493,4.8059012,2.83,1019,80,102193665
920,Uzes,44.0121279,4.4196718,12.34,1012,60,106427400
921,Uzes,44.0121279,4.4196718,11.18,1011,64,106427400
922,Uzes,44.0121279,4.4196718,9.01,1009,80,106427400
923,Uzes,44.0121279,4.4196718,8.81,1006,88,106427400
924,Uzes,44.0121279,4.4196718,8.85,1004,88,106427400
925,Uzes,44.0121279,4.4196718,9.25,1004,90,106427400
926,Uzes,44.0121279,4.4196718,8.99,1003,93,106427400
927,Uzes,44.0121279,4.4196718,8.21,1003,90,106427400
928,Uzes,44.0121279,4.4196718,7.73,1003,86,106427400
929,Uzes,44.0121279,4.4196718,7.28,1003,85,106427400
930,Uzes,44.0121279,4.4196718,7.45,1004,79,106427400
931,Uzes,44.0121279,4.4196718,7.29,1004,79,106427400
932,Uzes,44.0121279,4.4196718,7.38,1004,74,106427400
933,Uzes,44.0121279,4.4196718,7.71,1005,61,106427400
934,Uzes,44.0121279,4.4196718,9.52,1005,56,106427400
935,Uzes,44.0121279,4.4196718,8.4,1006,56,106427400
936,Uzes,44.0121279,4.4196718,6.98,1007,56,106427400
937,Uzes,44.0121279,4.4196718,6.21,1007,54,106427400
938,Uzes,44.0121279,4.4196718,6.03,1007,55,106427400
939,Uzes,44.0121279,4.4196718,5.78,1007,55,106427400
940,Uzes,44.0121279,4.4196718,5.71,1007,55,106427400
941,Uzes,44.0121279,4.4196718,6.45,1008,53,106427400
942,Uzes,44.0121279,4.4196718,8.08,1009,50,106427400
943,Uzes,44.0121279,4.4196718,7.31,1010,52,106427400
944,Uzes,44.0121279,4.4196718,6.02,1011,53,106427400
945,Uzes,44.0121279,4.4196718,5.11,1012,56,106427400
946,Uzes,44.0121279,4.4196718,4.97,1013,58,106427400
947,Uzes,44.0121279,4.4196718,4.72,1013,61,106427400
948,Uzes,44.0121279,4.4196718,3.98,1013,63,106427400
949,Uzes,44.0121279,4.4196718,4.28,1014,64,106427400
950,Uzes,44.0121279,4.4196718,4.8,1015,55,106427400
951,Uzes,44.0121279,4.4196718,3.74,1016,56,106427400
952,Uzes,44.0121279,4.4196718,2.11,1017,58,106427400
953,Uzes,44.0121279,4.4196718,1.3,1018,64,106427400
954,Uzes,44.0121279,4.4196718,0.47,1018,65,106427400
955,Uzes,44.0121279,4.4196718,-1.43,1019,76,106427400
956,Uzes,44.0121279,4.4196718,-1.94,1018,78,106427400
957,Uzes,44.0121279,4.4196718,0.48,1020,63,106427400
958,Uzes,44.0121279,4.4196718,4.14,1019,50,106427400
959,Uzes,44.0121279,4.4196718,3.4,1019,62,106427400
960,Nimes,43.8374249,4.3600687,12.84,1011,59,102307633
961,Nimes,43.8374249,4.3600687,11.96,1011,61,102307633
962,Nimes,43.8374249,4.3600687,10.44,1008,72,102307633
963,Nimes,43.8374249,4.3600687,9.85,1006,82,102307633
964,Nimes,43.8374249,4.3600687,10.13,1004,82,102307633
965,Nimes,43.8374249,4.3600687,10.73,1003,87,102307633
966,Nimes,43.8374249,4.3600687,10.66,1003,89,102307633
967,Nimes,43.8374249,4.3600687,9.14,1002,87,102307633
968,Nimes,43.8374249,4.3600687,8.8,1003,81,102307633
969,Nimes,43.8374249,4.3600687,8.36,1003,79,102307633
970,Nimes,43.8374249,4.3600687,8.33,1003,76,102307633
971,Nimes,43.8374249,4.3600687,8.12,1003,75,102307633
972,Nimes,43.8374249,4.3600687,8.18,1004,72,102307633
973,Nimes,43.8374249,4.3600687,8.64,1005,57,102307633
974,Nimes,43.8374249,4.3600687,10.65,1005,50,102307633
975,Nimes,43.8374249,4.3600687,9.74,1006,51,102307633
976,Nimes,43.8374249,4.3600687,8.08,1006,51,102307633
977,Nimes,43.8374249,4.3600687,7.26,1007,50,102307633
978,Nimes,43.8374249,4.3600687,6.94,1007,50,102307633
979,Nimes,43.8374249,4.3600687,6.71,1007,50,102307633
980,Nimes,43.8374249,4.3600687,6.6,1007,50,102307633
981,Nimes,43.8374249,4.3600687,7.39,1008,49,102307633
982,Nimes,43.8374249,4.3600687,9.25,1009,45,102307633
983,Nimes,43.8374249,4.3600687,8.45,1010,47,102307633
984,Nimes,43.8374249,4.3600687,6.95,1011,49,102307633
985,Nimes,43.8374249,4.3600687,6.18,1012,50,102307633
986,Nimes,43.8374249,4.3600687,5.95,1013,53,102307633
987,Nimes,43.8374249,4.3600687,5.86,1013,54,102307633
988,Nimes,43.8374249,4.3600687,5.16,1013,56,102307633
989,Nimes,43.8374249,4.3600687,5.45,1014,57,102307633
990,Nimes,43.8374249,4.3600687,6.14,1015,50,102307633
991,Nimes,43.8374249,4.3600687,4.84,1016,52,102307633
992,Nimes,43.8374249,4.3600687,3.23,1017,53,102307633
993,Nimes,43.8374249,4.3600687,2.44,1018,57,102307633
994,Nimes,43.8374249,4.3600687,1.22,1018,60,102307633
995,Nimes,43.8374249,4.3600687,-0.17,1019,66,102307633
996,Nimes,43.8374249,4.3600687,-1.0,1018,68,102307633
997,Nimes,43.8374249,4.3600687,1.13,1020,58,102307633
998,Nimes,43.8374249,4.3600687,4.78,1019,44,102307633
999,Nimes,43.8374249,4.3600687,4.97,1019,50,102307633
1000,Aigues Mortes,43.5661521,4.19154,12.97,1011,66,102716851
1001,Aigues Mortes,43.5661521,4.19154,12.74,1010,70,102716851
1002,Aigues Mortes,43.5661521,4.19154,12.31,1008,81,102716851
1003,Aigues Mortes,43.5661521,4.19154,11.82,1005,85,102716851
1004,Aigues Mortes,43.5661521,4.19154,11.57,1003,84,102716851
1005,Aigues Mortes,43.5661521,4.19154,11.85,1003,87,102716851
1006,Aigues Mortes,43.5661521,4.19154,11.27,1002,85,102716851
1007,Aigues Mortes,43.5661521,4.19154,10.4,1002,82,102716851
1008,Aigues Mortes,43.5661521,4.19154,10.13,1003,78,102716851
1009,Aigues Mortes,43.5661521,4.19154,9.77,1003,75,102716851
1010,Aigues Mortes,43.5661521,4.19154,9.92,1003,70,102716851
1011,Aigues Mortes,43.5661521,4.19154,9.45,1003,70,102716851
1012,Aigues Mortes,43.5661521,4.19154,9.41,1004,68,102716851
1013,Aigues Mortes,43.5661521,4.19154,10.01,1005,53,102716851
1014,Aigues Mortes,43.5661521,4.19154,11.53,1005,49,102716851
1015,Aigues Mortes,43.5661521,4.19154,11.23,1006,50,102716851
1016,Aigues Mortes,43.5661521,4.19154,9.5,1007,49,102716851
1017,Aigues Mortes,43.5661521,4.19154,8.9,1007,48,102716851
1018,Aigues Mortes,43.5661521,4.19154,8.36,1007,49,102716851
1019,Aigues Mortes,43.5661521,4.19154,8.2,1007,48,102716851
1020,Aigues Mortes,43.5661521,4.19154,8.02,1007,49,102716851
1021,Aigues Mortes,43.5661521,4.19154,8.56,1009,48,102716851
1022,Aigues Mortes,43.5661521,4.19154,10.17,1009,44,102716851
1023,Aigues Mortes,43.5661521,4.19154,9.7,1010,45,102716851
1024,Aigues Mortes,43.5661521,4.19154,8.24,1012,48,102716851
1025,Aigues Mortes,43.5661521,4.19154,7.66,1013,50,102716851
1026,Aigues Mortes,43.5661521,4.19154,7.34,1013,53,102716851
1027,Aigues Mortes,43.5661521,4.19154,7.3,1013,54,102716851
1028,Aigues Mortes,43.5661521,4.19154,6.8,1013,55,102716851
1029,Aigues Mortes,43.5661521,4.19154,7.01,1014,52,102716851
1030,Aigues Mortes,43.5661521,4.19154,7.95,1015,47,102716851
1031,Aigues Mortes,43.5661521,4.19154,6.43,1016,52,102716851
1032,Aigues Mortes,43.5661521,4.19154,4.64,1017,53,102716851
1033,Aigues Mortes,43.5661521,4.19154,3.93,1018,52,102716851
1034,Aigues Mortes,43.5661521,4.19154,2.61,1018,55,102716851
1035,Aigues Mortes,43.5661521,4.19154,1.75,1019,57,102716851
1036,Aigues Mortes,43.5661521,4.19154,0.94,1018,60,102716851
1037,Aigues Mortes,43.5661521,4.19154,1.91,1020,55,102716851
1038,Aigues Mortes,43.5661521,4.19154,4.64,1019,42,102716851
1039,Aigues Mortes,43.5661521,4.19154,5.85,1019,39,102716851
1040,Saintes Maries de la mer,43.4515922,4.4277202,13.53,1012,63,102529062
1041,Saintes Maries de la mer,43.4515922,4.4277202,13.38,1011,68,102529062
1042,Saintes Maries de la mer,43.4515922,4.4277202,13.16,1007,85,102529062
1043,Saintes Maries de la mer,43.4515922,4.4277202,13.01,1005,89,102529062
1044,Saintes Maries de la mer,43.4515922,4.4277202,12.7,1003,88,102529062
1045,Saintes Maries de la mer,43.4515922,4.4277202,12.92,1003,87,102529062
1046,Saintes Maries de la mer,43.4515922,4.4277202,12.34,1002,84,102529062
1047,Saintes Maries de la mer,43.4515922,4.4277202,10.69,1002,86,102529062
1048,Saintes Maries de la mer,43.4515922,4.4277202,10.06,1002,79,102529062
1049,Saintes Maries de la mer,43.4515922,4.4277202,9.48,1003,78,102529062
1050,Saintes Maries de la mer,43.4515922,4.4277202,9.76,1003,73,102529062
1051,Saintes Maries de la mer,43.4515922,4.4277202,9.67,1003,72,102529062
1052,Saintes Maries de la mer,43.4515922,4.4277202,9.7,1003,69,102529062
1053,Saintes Maries de la mer,43.4515922,4.4277202,10.06,1005,59,102529062
1054,Saintes Maries de la mer,43.4515922,4.4277202,11.36,1005,53,102529062
1055,Saintes Maries de la mer,43.4515922,4.4277202,11.05,1005,54,102529062
1056,Saintes Maries de la mer,43.4515922,4.4277202,9.73,1006,52,102529062
1057,Saintes Maries de la mer,43.4515922,4.4277202,9.02,1006,52,102529062
1058,Saintes Maries de la mer,43.4515922,4.4277202,8.54,1006,52,102529062
1059,Saintes Maries de la mer,43.4515922,4.4277202,8.35,1006,52,102529062
1060,Saintes Maries de la mer,43.4515922,4.4277202,8.18,1007,52,102529062
1061,Saintes Maries de la mer,43.4515922,4.4277202,8.57,1008,51,102529062
1062,Saintes Maries de la mer,43.4515922,4.4277202,9.91,1009,48,102529062
1063,Saintes Maries de la mer,43.4515922,4.4277202,9.61,1009,49,102529062
1064,Saintes Maries de la mer,43.4515922,4.4277202,8.64,1011,51,102529062
1065,Saintes Maries de la mer,43.4515922,4.4277202,8.0,1012,52,102529062
1066,Saintes Maries de la mer,43.4515922,4.4277202,7.61,1013,54,102529062
1067,Saintes Maries de la mer,43.4515922,4.4277202,7.59,1013,55,102529062
1068,Saintes Maries de la mer,43.4515922,4.4277202,7.03,1013,57,102529062
1069,Saintes Maries de la mer,43.4515922,4.4277202,6.89,1014,59,102529062
1070,Saintes Maries de la mer,43.4515922,4.4277202,7.08,1015,55,102529062
1071,Saintes Maries de la mer,43.4515922,4.4277202,6.08,1015,58,102529062
1072,Saintes Maries de la mer,43.4515922,4.4277202,4.81,1017,57,102529062
1073,Saintes Maries de la mer,43.4515922,4.4277202,4.1,1018,59,102529062
1074,Saintes Maries de la mer,43.4515922,4.4277202,3.0,1018,61,102529062
1075,Saintes Maries de la mer,43.4515922,4.4277202,2.21,1018,64,102529062
1076,Saintes Maries de la mer,43.4515922,4.4277202,1.47,1018,65,102529062
1077,Saintes Maries de la mer,43.4515922,4.4277202,2.16,1020,65,102529062
1078,Saintes Maries de la mer,43.4515922,4.4277202,4.8,1019,51,102529062
1079,Saintes Maries de la mer,43.4515922,4.4277202,6.01,1019,48,102529062
1080,Collioure,42.52505,3.0831554,14.33,1009,77,103975931
1081,Collioure,42.52505,3.0831554,13.0,1009,80,103975931
1082,Collioure,42.52505,3.0831554,11.44,1008,86,103975931
1083,Collioure,42.52505,3.0831554,11.21,1006,86,103975931
1084,Collioure,42.52505,3.0831554,11.01,1004,87,103975931
1085,Collioure,42.52505,3.0831554,11.36,1004,84,103975931
1086,Collioure,42.52505,3.0831554,11.21,1004,65,103975931
1087,Collioure,42.52505,3.0831554,10.04,1004,72,103975931
1088,Collioure,42.52505,3.0831554,8.9,1004,79,103975931
1089,Collioure,42.52505,3.0831554,9.66,1004,75,103975931
1090,Collioure,42.52505,3.0831554,10.02,1005,72,103975931
1091,Collioure,42.52505,3.0831554,9.53,1004,71,103975931
1092,Collioure,42.52505,3.0831554,8.46,1006,79,103975931
1093,Collioure,42.52505,3.0831554,9.6,1007,62,103975931
1094,Collioure,42.52505,3.0831554,10.95,1008,55,103975931
1095,Collioure,42.52505,3.0831554,10.0,1009,63,103975931
1096,Collioure,42.52505,3.0831554,8.42,1010,70,103975931
1097,Collioure,42.52505,3.0831554,7.92,1011,68,103975931
1098,Collioure,42.52505,3.0831554,7.67,1011,66,103975931
1099,Collioure,42.52505,3.0831554,7.1,1011,67,103975931
1100,Collioure,42.52505,3.0831554,6.27,1011,78,103975931
1101,Collioure,42.52505,3.0831554,6.73,1012,72,103975931
1102,Collioure,42.52505,3.0831554,7.42,1012,65,103975931
1103,Collioure,42.52505,3.0831554,7.21,1013,59,103975931
1104,Collioure,42.52505,3.0831554,6.55,1015,61,103975931
1105,Collioure,42.52505,3.0831554,6.29,1016,61,103975931
1106,Collioure,42.52505,3.0831554,5.95,1016,61,103975931
1107,Collioure,42.52505,3.0831554,5.85,1016,62,103975931
1108,Collioure,42.52505,3.0831554,5.85,1016,59,103975931
1109,Collioure,42.52505,3.0831554,6.73,1016,56,103975931
1110,Collioure,42.52505,3.0831554,8.8,1016,49,103975931
1111,Collioure,42.52505,3.0831554,8.14,1016,57,103975931
1112,Collioure,42.52505,3.0831554,4.96,1018,73,103975931
1113,Collioure,42.52505,3.0831554,4.24,1019,76,103975931
1114,Collioure,42.52505,3.0831554,3.63,1019,75,103975931
1115,Collioure,42.52505,3.0831554,3.03,1019,73,103975931
1116,Collioure,42.52505,3.0831554,2.41,1018,72,103975931
1117,Collioure,42.52505,3.0831554,4.09,1020,65,103975931
1118,Collioure,42.52505,3.0831554,7.1,1019,54,103975931
1119,Collioure,42.52505,3.0831554,6.6,1018,63,103975931
1120,Carcassonne,43.2130358,2.3491069,11.98,1009,77,104358485
1121,Carcassonne,43.2130358,2.3491069,11.37,1010,82,104358485
1122,Carcassonne,43.2130358,2.3491069,10.03,1008,92,104358485
1123,Carcassonne,43.2130358,2.3491069,8.68,1006,94,104358485
1124,Carcassonne,43.2130358,2.3491069,9.29,1005,90,104358485
1125,Carcassonne,43.2130358,2.3491069,7.81,1006,92,104358485
1126,Carcassonne,43.2130358,2.3491069,6.74,1007,91,104358485
1127,Carcassonne,43.2130358,2.3491069,6.75,1006,91,104358485
1128,Carcassonne,43.2130358,2.3491069,7.2,1006,90,104358485
1129,Carcassonne,43.2130358,2.3491069,7.81,1007,89,104358485
1130,Carcassonne,43.2130358,2.3491069,7.51,1008,91,104358485
1131,Carcassonne,43.2130358,2.3491069,6.74,1009,90,104358485
1132,Carcassonne,43.2130358,2.3491069,6.17,1010,93,104358485
1133,Carcassonne,43.2130358,2.3491069,6.27,1012,85,104358485
1134,Carcassonne,43.2130358,2.3491069,7.46,1012,77,104358485
1135,Carcassonne,43.2130358,2.3491069,6.67,1013,83,104358485
1136,Carcassonne,43.2130358,2.3491069,6.41,1014,80,104358485
1137,Carcassonne,43.2130358,2.3491069,5.68,1014,84,104358485
1138,Carcassonne,43.2130358,2.3491069,4.77,1015,82,104358485
1139,Carcassonne,43.2130358,2.3491069,4.27,1016,85,104358485
1140,Carcassonne,43.2130358,2.3491069,3.96,1016,88,104358485
1141,Carcassonne,43.2130358,2.3491069,3.71,1018,83,104358485
1142,Carcassonne,43.2130358,2.3491069,3.2,1019,88,104358485
1143,Carcassonne,43.2130358,2.3491069,3.38,1019,89,104358485
1144,Carcassonne,43.2130358,2.3491069,3.03,1020,94,104358485
1145,Carcassonne,43.2130358,2.3491069,2.74,1021,96,104358485
1146,Carcassonne,43.2130358,2.3491069,2.54,1021,95,104358485
1147,Carcassonne,43.2130358,2.3491069,2.42,1021,95,104358485
1148,Carcassonne,43.2130358,2.3491069,2.16,1020,95,104358485
1149,Carcassonne,43.2130358,2.3491069,2.41,1021,95,104358485
1150,Carcassonne,43.2130358,2.3491069,2.92,1020,93,104358485
1151,Carcassonne,43.2130358,2.3491069,3.68,1020,83,104358485
1152,Carcassonne,43.2130358,2.3491069,2.7,1021,88,104358485
1153,Carcassonne,43.2130358,2.3491069,2.27,1021,86,104358485
1154,Carcassonne,43.2130358,2.3491069,0.56,1020,89,104358485
1155,Carcassonne,43.2130358,2.3491069,-0.74,1021,90,104358485
1156,Carcassonne,43.2130358,2.3491069,0.0,1020,87,104358485
1157,Carcassonne,43.2130358,2.3491069,1.38,1021,80,104358485
1158,Carcassonne,43.2130358,2.3491069,3.45,1020,67,104358485
1159,Carcassonne,43.2130358,2.3491069,3.79,1019,66,104358485
1160,Ariege,42.9927428,1.6124975,11.05,1009,71,103752713
1161,Ariege,42.9927428,1.6124975,10.05,1009,72,103752713
1162,Ariege,42.9927428,1.6124975,9.25,1008,72,103752713
1163,Ariege,42.9927428,1.6124975,8.46,1006,76,103752713
1164,Ariege,42.9927428,1.6124975,7.82,1006,87,103752713
1165,Ariege,42.9927428,1.6124975,5.02,1008,97,103752713
1166,Ariege,42.9927428,1.6124975,5.25,1008,96,103752713
1167,Ariege,42.9927428,1.6124975,5.1,1007,96,103752713
1168,Ariege,42.9927428,1.6124975,5.16,1008,95,103752713
1169,Ariege,42.9927428,1.6124975,5.71,1009,93,103752713
1170,Ariege,42.9927428,1.6124975,5.43,1010,95,103752713
1171,Ariege,42.9927428,1.6124975,5.08,1011,95,103752713
1172,Ariege,42.9927428,1.6124975,4.98,1012,87,103752713
1173,Ariege,42.9927428,1.6124975,4.58,1015,88,103752713
1174,Ariege,42.9927428,1.6124975,5.16,1015,94,103752713
1175,Ariege,42.9927428,1.6124975,4.91,1016,93,103752713
1176,Ariege,42.9927428,1.6124975,4.21,1017,95,103752713
1177,Ariege,42.9927428,1.6124975,3.29,1017,98,103752713
1178,Ariege,42.9927428,1.6124975,3.38,1018,95,103752713
1179,Ariege,42.9927428,1.6124975,2.96,1019,98,103752713
1180,Ariege,42.9927428,1.6124975,2.82,1019,97,103752713
1181,Ariege,42.9927428,1.6124975,2.29,1021,97,103752713
1182,Ariege,42.9927428,1.6124975,2.0,1022,96,103752713
1183,Ariege,42.9927428,1.6124975,2.25,1023,90,103752713
1184,Ariege,42.9927428,1.6124975,1.45,1024,93,103752713
1185,Ariege,42.9927428,1.6124975,0.62,1025,95,103752713
1186,Ariege,42.9927428,1.6124975,0.39,1024,94,103752713
1187,Ariege,42.9927428,1.6124975,0.17,1024,97,103752713
1188,Ariege,42.9927428,1.6124975,0.08,1024,95,103752713
1189,Ariege,42.9927428,1.6124975,1.39,1024,94,103752713
1190,Ariege,42.9927428,1.6124975,3.2,1022,82,103752713
1191,Ariege,42.9927428,1.6124975,2.54,1022,92,103752713
1192,Ariege,42.9927428,1.6124975,1.32,1023,98,103752713
1193,Ariege,42.9927428,1.6124975,0.73,1023,96,103752713
1194,Ariege,42.9927428,1.6124975,0.41,1022,95,103752713
1195,Ariege,42.9927428,1.6124975,-2.98,1022,95,103752713
1196,Ariege,42.9927428,1.6124975,-3.85,1022,90,103752713
1197,Ariege,42.9927428,1.6124975,-1.08,1021,84,103752713
1198,Ariege,42.9927428,1.6124975,2.39,1019,80,103752713
1199,Ariege,42.9927428,1.6124975,2.07,1019,82,103752713
1200,Toulouse,43.6044622,1.4442469,11.82,1009,73,376688237
1201,Toulouse,43.6044622,1.4442469,10.44,1010,83,376688237
1202,Toulouse,43.6044622,1.4442469,9.3,1008,89,376688237
1203,Toulouse,43.6044622,1.4442469,9.11,1006,89,376688237
1204,Toulouse,43.6044622,1.4442469,8.54,1005,95,376688237
1205,Toulouse,43.6044622,1.4442469,7.17,1007,92,376688237
1206,Toulouse,43.6044622,1.4442469,6.81,1007,90,376688237
1207,Toulouse,43.6044622,1.4442469,7.98,1006,87,376688237
1208,Toulouse,43.6044622,1.4442469,7.6,1007,89,376688237
1209,Toulouse,43.6044622,1.4442469,7.11,1008,90,376688237
1210,Toulouse,43.6044622,1.4442469,6.02,1010,93,376688237
1211,Toulouse,43.6044622,1.4442469,5.12,1011,95,376688237
1212,Toulouse,43.6044622,1.4442469,5.11,1012,92,376688237
1213,Toulouse,43.6044622,1.4442469,5.09,1015,89,376688237
1214,Toulouse,43.6044622,1.4442469,7.54,1015,76,376688237
1215,Toulouse,43.6044622,1.4442469,6.9,1015,80,376688237
1216,Toulouse,43.6044622,1.4442469,6.47,1016,78,376688237
1217,Toulouse,43.6044622,1.4442469,5.72,1017,82,376688237
1218,Toulouse,43.6044622,1.4442469,4.22,1018,91,376688237
1219,Toulouse,43.6044622,1.4442469,3.95,1019,92,376688237
1220,Toulouse,43.6044622,1.4442469,3.78,1019,88,376688237
1221,Toulouse,43.6044622,1.4442469,3.27,1021,82,376688237
1222,Toulouse,43.6044622,1.4442469,4.08,1022,77,376688237
1223,Toulouse,43.6044622,1.4442469,4.69,1022,72,376688237
1224,Toulouse,43.6044622,1.4442469,3.46,1023,86,376688237
1225,Toulouse,43.6044622,1.4442469,3.13,1024,88,376688237
1226,Toulouse,43.6044622,1.4442469,2.72,1023,94,376688237
1227,Toulouse,43.6044622,1.4442469,2.53,1023,96,376688237
1228,Toulouse,43.6044622,1.4442469,2.37,1023,96,376688237
1229,Toulouse,43.6044622,1.4442469,2.53,1023,93,376688237
1230,Toulouse,43.6044622,1.4442469,3.38,1022,83,376688237
1231,Toulouse,43.6044622,1.4442469,3.83,1021,77,376688237
1232,Toulouse,43.6044622,1.4442469,2.91,1022,81,376688237
1233,Toulouse,43.6044622,1.4442469,1.7,1022,80,376688237
1234,Toulouse,43.6044622,1.4442469,-0.26,1022,85,376688237
1235,Toulouse,43.6044622,1.4442469,-0.95,1021,86,376688237
1236,Toulouse,43.6044622,1.4442469,-0.75,1020,82,376688237
1237,Toulouse,43.6044622,1.4442469,-0.01,1021,76,376688237
1238,Toulouse,43.6044622,1.4442469,2.35,1020,63,376688237
1239,Toulouse,43.6044622,1.4442469,3.03,1019,59,376688237
1240,Montauban,44.0175835,1.3549991,11.03,1009,78,105191250
1241,Montauban,44.0175835,1.3549991,10.07,1010,82,105191250
1242,Montauban,44.0175835,1.3549991,8.6,1008,90,105191250
1243,Montauban,44.0175835,1.3549991,8.77,1006,91,105191250
1244,Montauban,44.0175835,1.3549991,8.2,1006,95,105191250
1245,Montauban,44.0175835,1.3549991,7.42,1007,93,105191250
1246,Montauban,44.0175835,1.3549991,7.72,1007,93,105191250
1247,Montauban,44.0175835,1.3549991,8.88,1006,86,105191250
1248,Montauban,44.0175835,1.3549991,7.5,1007,93,105191250
1249,Montauban,44.0175835,1.3549991,6.81,1008,93,105191250
1250,Montauban,44.0175835,1.3549991,5.6,1009,95,105191250
1251,Montauban,44.0175835,1.3549991,4.76,1010,96,105191250
1252,Montauban,44.0175835,1.3549991,3.89,1012,96,105191250
1253,Montauban,44.0175835,1.3549991,4.54,1014,92,105191250
1254,Montauban,44.0175835,1.3549991,7.27,1015,80,105191250
1255,Montauban,44.0175835,1.3549991,6.65,1015,82,105191250
1256,Montauban,44.0175835,1.3549991,6.01,1016,80,105191250
1257,Montauban,44.0175835,1.3549991,5.0,1017,87,105191250
1258,Montauban,44.0175835,1.3549991,3.69,1018,92,105191250
1259,Montauban,44.0175835,1.3549991,2.96,1019,95,105191250
1260,Montauban,44.0175835,1.3549991,3.42,1019,88,105191250
1261,Montauban,44.0175835,1.3549991,3.94,1021,75,105191250
1262,Montauban,44.0175835,1.3549991,4.37,1022,76,105191250
1263,Montauban,44.0175835,1.3549991,4.45,1022,77,105191250
1264,Montauban,44.0175835,1.3549991,3.62,1023,81,105191250
1265,Montauban,44.0175835,1.3549991,3.57,1023,85,105191250
1266,Montauban,44.0175835,1.3549991,3.74,1023,84,105191250
1267,Montauban,44.0175835,1.3549991,3.24,1023,89,105191250
1268,Montauban,44.0175835,1.3549991,3.14,1022,89,105191250
1269,Montauban,44.0175835,1.3549991,3.18,1023,83,105191250
1270,Montauban,44.0175835,1.3549991,4.47,1022,74,105191250
1271,Montauban,44.0175835,1.3549991,4.21,1021,72,105191250
1272,Montauban,44.0175835,1.3549991,1.92,1022,79,105191250
1273,Montauban,44.0175835,1.3549991,0.02,1022,86,105191250
1274,Montauban,44.0175835,1.3549991,-1.01,1022,85,105191250
1275,Montauban,44.0175835,1.3549991,-1.47,1021,86,105191250
1276,Montauban,44.0175835,1.3549991,-1.75,1020,87,105191250
1277,Montauban,44.0175835,1.3549991,-0.83,1021,79,105191250
1278,Montauban,44.0175835,1.3549991,1.76,1020,62,105191250
1279,Montauban,44.0175835,1.3549991,2.46,1019,56,105191250
1280,Biarritz,43.4832523,-1.5592776,13.91,1009,64,283462568
1281,Biarritz,43.4832523,-1.5592776,12.85,1009,72,283462568
1282,Biarritz,43.4832523,-1.5592776,10.07,1009,92,283462568
1283,Biarritz,43.4832523,-1.5592776,9.74,1009,85,283462568
1284,Biarritz,43.4832523,-1.5592776,9.49,1008,85,283462568
1285,Biarritz,43.4832523,-1.5592776,10.63,1008,77,283462568
1286,Biarritz,43.4832523,-1.5592776,11.04,1008,77,283462568
1287,Biarritz,43.4832523,-1.5592776,10.91,1008,76,283462568
1288,Biarritz,43.4832523,-1.5592776,10.75,1010,75,283462568
1289,Biarritz,43.4832523,-1.5592776,10.33,1011,74,283462568
1290,Biarritz,43.4832523,-1.5592776,9.54,1012,78,283462568
1291,Biarritz,43.4832523,-1.5592776,9.96,1013,79,283462568
1292,Biarritz,43.4832523,-1.5592776,10.11,1014,75,283462568
1293,Biarritz,43.4832523,-1.5592776,9.88,1017,76,283462568
1294,Biarritz,43.4832523,-1.5592776,10.36,1018,75,283462568
1295,Biarritz,43.4832523,-1.5592776,10.18,1018,73,283462568
1296,Biarritz,43.4832523,-1.5592776,9.13,1019,76,283462568
1297,Biarritz,43.4832523,-1.5592776,8.9,1020,74,283462568
1298,Biarritz,43.4832523,-1.5592776,8.3,1021,76,283462568
1299,Biarritz,43.4832523,-1.5592776,8.32,1022,79,283462568
1300,Biarritz,43.4832523,-1.5592776,6.88,1023,83,283462568
1301,Biarritz,43.4832523,-1.5592776,7.7,1025,79,283462568
1302,Biarritz,43.4832523,-1.5592776,6.7,1025,79,283462568
1303,Biarritz,43.4832523,-1.5592776,6.75,1025,81,283462568
1304,Biarritz,43.4832523,-1.5592776,6.54,1026,84,283462568
1305,Biarritz,43.4832523,-1.5592776,5.82,1026,84,283462568
1306,Biarritz,43.4832523,-1.5592776,5.24,1026,83,283462568
1307,Biarritz,43.4832523,-1.5592776,4.97,1026,84,283462568
1308,Biarritz,43.4832523,-1.5592776,3.98,1025,96,283462568
1309,Biarritz,43.4832523,-1.5592776,4.05,1025,97,283462568
1310,Biarritz,43.4832523,-1.5592776,4.99,1024,83,283462568
1311,Biarritz,43.4832523,-1.5592776,5.78,1023,77,283462568
1312,Biarritz,43.4832523,-1.5592776,5.47,1023,80,283462568
1313,Biarritz,43.4832523,-1.5592776,5.48,1022,81,283462568
1314,Biarritz,43.4832523,-1.5592776,4.43,1022,83,283462568
1315,Biarritz,43.4832523,-1.5592776,2.62,1021,83,283462568
1316,Biarritz,43.4832523,-1.5592776,1.37,1021,84,283462568
1317,Biarritz,43.4832523,-1.5592776,0.77,1021,81,283462568
1318,Biarritz,43.4832523,-1.5592776,2.61,1020,70,283462568
1319,Biarritz,43.4832523,-1.5592776,3.11,1019,68,283462568
1320,Bayonne,43.4945144,-1.4736657,13.79,1009,65,281543649
1321,Bayonne,43.4945144,-1.4736657,12.62,1009,73,281543649
1322,Bayonne,43.4945144,-1.4736657,10.06,1009,93,281543649
1323,Bayonne,43.4945144,-1.4736657,9.57,1009,88,281543649
1324,Bayonne,43.4945144,-1.4736657,9.3,1008,87,281543649
1325,Bayonne,43.4945144,-1.4736657,10.29,1008,80,281543649
1326,Bayonne,43.4945144,-1.4736657,10.99,1008,78,281543649
1327,Bayonne,43.4945144,-1.4736657,10.8,1008,77,281543649
1328,Bayonne,43.4945144,-1.4736657,10.59,1010,77,281543649
1329,Bayonne,43.4945144,-1.4736657,9.97,1011,77,281543649
1330,Bayonne,43.4945144,-1.4736657,8.92,1012,81,281543649
1331,Bayonne,43.4945144,-1.4736657,9.51,1013,82,281543649
1332,Bayonne,43.4945144,-1.4736657,9.79,1014,77,281543649
1333,Bayonne,43.4945144,-1.4736657,9.52,1017,79,281543649
1334,Bayonne,43.4945144,-1.4736657,10.32,1018,77,281543649
1335,Bayonne,43.4945144,-1.4736657,10.04,1018,75,281543649
1336,Bayonne,43.4945144,-1.4736657,8.58,1019,79,281543649
1337,Bayonne,43.4945144,-1.4736657,8.17,1020,78,281543649
1338,Bayonne,43.4945144,-1.4736657,7.37,1021,82,281543649
1339,Bayonne,43.4945144,-1.4736657,7.62,1022,82,281543649
1340,Bayonne,43.4945144,-1.4736657,6.06,1023,89,281543649
1341,Bayonne,43.4945144,-1.4736657,7.14,1025,82,281543649
1342,Bayonne,43.4945144,-1.4736657,6.49,1025,80,281543649
1343,Bayonne,43.4945144,-1.4736657,6.09,1025,85,281543649
1344,Bayonne,43.4945144,-1.4736657,5.88,1026,88,281543649
1345,Bayonne,43.4945144,-1.4736657,5.05,1027,88,281543649
1346,Bayonne,43.4945144,-1.4736657,4.95,1026,84,281543649
1347,Bayonne,43.4945144,-1.4736657,4.73,1026,85,281543649
1348,Bayonne,43.4945144,-1.4736657,3.68,1025,98,281543649
1349,Bayonne,43.4945144,-1.4736657,3.67,1025,98,281543649
1350,Bayonne,43.4945144,-1.4736657,4.91,1024,83,281543649
1351,Bayonne,43.4945144,-1.4736657,5.81,1023,77,281543649
1352,Bayonne,43.4945144,-1.4736657,5.24,1023,82,281543649
1353,Bayonne,43.4945144,-1.4736657,5.24,1023,83,281543649
1354,Bayonne,43.4945144,-1.4736657,3.75,1022,86,281543649
1355,Bayonne,43.4945144,-1.4736657,1.92,1021,84,281543649
1356,Bayonne,43.4945144,-1.4736657,0.45,1021,86,281543649
1357,Bayonne,43.4945144,-1.4736657,0.13,1021,83,281543649
1358,Bayonne,43.4945144,-1.4736657,2.61,1020,69,281543649
1359,Bayonne,43.4945144,-1.4736657,3.1,1019,67,281543649
1360,La Rochelle,46.1591126,-1.1520434,11.93,1005,83,280762466
1361,La Rochelle,46.1591126,-1.1520434,11.44,1006,81,280762466
1362,La Rochelle,46.1591126,-1.1520434,10.35,1006,82,280762466
1363,La Rochelle,46.1591126,-1.1520434,9.89,1005,83,280762466
1364,La Rochelle,46.1591126,-1.1520434,9.92,1005,79,280762466
1365,La Rochelle,46.1591126,-1.1520434,9.49,1006,80,280762466
1366,La Rochelle,46.1591126,-1.1520434,10.72,1006,73,280762466
1367,La Rochelle,46.1591126,-1.1520434,10.28,1007,78,280762466
1368,La Rochelle,46.1591126,-1.1520434,8.48,1009,81,280762466
1369,La Rochelle,46.1591126,-1.1520434,7.7,1010,84,280762466
1370,La Rochelle,46.1591126,-1.1520434,7.08,1011,85,280762466
1371,La Rochelle,46.1591126,-1.1520434,6.27,1013,87,280762466
1372,La Rochelle,46.1591126,-1.1520434,5.9,1014,89,280762466
1373,La Rochelle,46.1591126,-1.1520434,5.97,1016,89,280762466
1374,La Rochelle,46.1591126,-1.1520434,8.29,1018,78,280762466
1375,La Rochelle,46.1591126,-1.1520434,8.88,1018,76,280762466
1376,La Rochelle,46.1591126,-1.1520434,7.24,1019,82,280762466
1377,La Rochelle,46.1591126,-1.1520434,6.11,1020,86,280762466
1378,La Rochelle,46.1591126,-1.1520434,5.34,1021,86,280762466
1379,La Rochelle,46.1591126,-1.1520434,4.6,1022,89,280762466
1380,La Rochelle,46.1591126,-1.1520434,5.1,1023,83,280762466
1381,La Rochelle,46.1591126,-1.1520434,5.75,1025,79,280762466
1382,La Rochelle,46.1591126,-1.1520434,6.83,1025,63,280762466
1383,La Rochelle,46.1591126,-1.1520434,6.92,1025,66,280762466
1384,La Rochelle,46.1591126,-1.1520434,5.53,1026,74,280762466
1385,La Rochelle,46.1591126,-1.1520434,4.63,1026,80,280762466
1386,La Rochelle,46.1591126,-1.1520434,4.4,1026,85,280762466
1387,La Rochelle,46.1591126,-1.1520434,4.8,1026,78,280762466
1388,La Rochelle,46.1591126,-1.1520434,2.98,1025,86,280762466
1389,La Rochelle,46.1591126,-1.1520434,1.92,1026,86,280762466
1390,La Rochelle,46.1591126,-1.1520434,3.48,1025,71,280762466
1391,La Rochelle,46.1591126,-1.1520434,4.08,1024,61,280762466
1392,La Rochelle,46.1591126,-1.1520434,2.07,1025,70,280762466
1393,La Rochelle,46.1591126,-1.1520434,0.84,1025,75,280762466
1394,La Rochelle,46.1591126,-1.1520434,0.23,1025,75,280762466
1395,La Rochelle,46.1591126,-1.1520434,0.57,1024,73,280762466
1396,La Rochelle,46.1591126,-1.1520434,0.22,1023,68,280762466
1397,La Rochelle,46.1591126,-1.1520434,0.25,1023,64,280762466
1398,La Rochelle,46.1591126,-1.1520434,0.6,1022,64,280762466
1399,La Rochelle,46.1591126,-1.1520434,0.68,1021,63,280762466
